INSERT INTO faculty (id, name, icon, campus_id, university_id, created_at) VALUES (1,'Faculty of Technical Sciences', 'faculty_of_technical_sciences.svg', 1, 1, NOW());
INSERT INTO faculty (id, name, icon, campus_id, university_id, created_at) VALUES (2,'Faculty of Philosophy', 'faculty_of_agriculture.svg', 2, 1, NOW());
INSERT INTO faculty (id, name, icon, campus_id, university_id, created_at) VALUES (3,'Faculty of Law', 'faculty_of_law.svg', 3, 1, NOW());
INSERT INTO faculty (id, name, icon, campus_id, university_id, created_at) VALUES (4,'Faculty of Economics', 'faculty_of_economics.svg', 3, 1, NOW());
INSERT INTO faculty (id, name, icon, campus_id, university_id, created_at) VALUES (5,'Faculty of Medicine', 'faculty_of_medicine.svg', 2, 1, NOW());
INSERT INTO faculty (id, name, icon, campus_id, university_id, created_at) VALUES (6,'Academy of Arts', 'academy_of_arts.svg', 3, 1, NOW());



INSERT INTO faculty_information (id, faculty_id, email, history, mission, accreditation, president, phone_number, address_id, location_id,created_at) VALUES (1, 1, 'fts@ula.com', '<h4>Vitae purus ipsum, justo, vetibulum</h1><p>Risus aliquam, tincidunt sem duis lectus dictum. Blandit tincidunt pellentesque sapien faucibus quisque. At accumsan quis et euismod feugiat. Diam eget platea purus, posuere pulvinar nec tellus. Mauris orci enim eu pharetra sed posuere.
Iaculis nibh id turpis vitae eu sagittis. Laoreet platea pulvinar aenean elit. Viverra dictum nulla pretium quis eros, quisque blandit. Vitae est diam pulvinar urna in senectus suspendisse diam. Quis at neque, mi neque, feugiat nunc viverra ut.</p><h4>Lorem sagittis in praesent donec</h4><p>Aliquet interdum eros arcu volutpat scelerisque. Odio risus vulputate viverra congue nulla interdum a. Ultrices bibendum habitant eget dui dolor aenean dapibus. Pellentesque gravida mattis leo aliquet. Mi magna ac, nisi, euismod. Amet vitae bibendum sit etiam viverra. Quam mattis eget nam vitae dignissim.
Odio viverra maecenas magna lacus viverra facilisi mi. Magnis nunc etiam tempus quisque in urna, sed. Morbi neque diam feugiat libero mauris at proin ipsum. Eget aliquet nisi, proin fusce ut ornare at nulla ligula. Sed aenean faucibus adipiscing convallis at convallis potenti. Aenean massa nec, aliquet eget. Eleifend eget amet mattis purus pulvinar nisi, ut eleifend feugiat. Maecenas nunc amet in massa vel orci. Feugiat aliquet id orci adipiscing quam elementum, mi diam tortor. Sed etiam cum integer commodo.</p>', '<h4>Vitae purus ipsum, justo, vetibulum</h1><p>Risus aliquam, tincidunt sem duis lectus dictum. Blandit tincidunt pellentesque sapien faucibus quisque. At accumsan quis et euismod feugiat. Diam eget platea purus, posuere pulvinar nec tellus. Mauris orci enim eu pharetra sed posuere.
Iaculis nibh id turpis vitae eu sagittis. Laoreet platea pulvinar aenean elit. Viverra dictum nulla pretium quis eros, quisque blandit. Vitae est diam pulvinar urna in senectus suspendisse diam. Quis at neque, mi neque, feugiat nunc viverra ut.</p><h4>Lorem sagittis in praesent donec</h4><p>Aliquet interdum eros arcu volutpat scelerisque. Odio risus vulputate viverra congue nulla interdum a. Ultrices bibendum habitant eget dui dolor aenean dapibus. Pellentesque gravida mattis leo aliquet. Mi magna ac, nisi, euismod. Amet vitae bibendum sit etiam viverra. Quam mattis eget nam vitae dignissim.
Odio viverra maecenas magna lacus viverra facilisi mi. Magnis nunc etiam tempus quisque in urna, sed. Morbi neque diam feugiat libero mauris at proin ipsum. Eget aliquet nisi, proin fusce ut ornare at nulla ligula. Sed aenean faucibus adipiscing convallis at convallis potenti. Aenean massa nec, aliquet eget. Eleifend eget amet mattis purus pulvinar nisi, ut eleifend feugiat. Maecenas nunc amet in massa vel orci. Feugiat aliquet id orci adipiscing quam elementum, mi diam tortor. Sed etiam cum integer commodo.</p>', '<h4>Vitae purus ipsum, justo, vetibulum</h1><p>Risus aliquam, tincidunt sem duis lectus dictum. Blandit tincidunt pellentesque sapien faucibus quisque. At accumsan quis et euismod feugiat. Diam eget platea purus, posuere pulvinar nec tellus. Mauris orci enim eu pharetra sed posuere.
Iaculis nibh id turpis vitae eu sagittis. Laoreet platea pulvinar aenean elit. Viverra dictum nulla pretium quis eros, quisque blandit. Vitae est diam pulvinar urna in senectus suspendisse diam. Quis at neque, mi neque, feugiat nunc viverra ut.</p><h4>Lorem sagittis in praesent donec</h4><p>Aliquet interdum eros arcu volutpat scelerisque. Odio risus vulputate viverra congue nulla interdum a. Ultrices bibendum habitant eget dui dolor aenean dapibus. Pellentesque gravida mattis leo aliquet. Mi magna ac, nisi, euismod. Amet vitae bibendum sit etiam viverra. Quam mattis eget nam vitae dignissim.
Odio viverra maecenas magna lacus viverra facilisi mi. Magnis nunc etiam tempus quisque in urna, sed. Morbi neque diam feugiat libero mauris at proin ipsum. Eget aliquet nisi, proin fusce ut ornare at nulla ligula. Sed aenean faucibus adipiscing convallis at convallis potenti. Aenean massa nec, aliquet eget. Eleifend eget amet mattis purus pulvinar nisi, ut eleifend feugiat. Maecenas nunc amet in massa vel orci. Feugiat aliquet id orci adipiscing quam elementum, mi diam tortor. Sed etiam cum integer commodo.</p>', '<h4>Vitae purus ipsum, justo, vetibulum</h1><p>Risus aliquam, tincidunt sem duis lectus dictum. Blandit tincidunt pellentesque sapien faucibus quisque. At accumsan quis et euismod feugiat. Diam eget platea purus, posuere pulvinar nec tellus. Mauris orci enim eu pharetra sed posuere.
Iaculis nibh id turpis vitae eu sagittis. Laoreet platea pulvinar aenean elit. Viverra dictum nulla pretium quis eros, quisque blandit. Vitae est diam pulvinar urna in senectus suspendisse diam. Quis at neque, mi neque, feugiat nunc viverra ut.</p><h4>Lorem sagittis in praesent donec</h4><p>Aliquet interdum eros arcu volutpat scelerisque. Odio risus vulputate viverra congue nulla interdum a. Ultrices bibendum habitant eget dui dolor aenean dapibus. Pellentesque gravida mattis leo aliquet. Mi magna ac, nisi, euismod. Amet vitae bibendum sit etiam viverra. Quam mattis eget nam vitae dignissim.
Odio viverra maecenas magna lacus viverra facilisi mi. Magnis nunc etiam tempus quisque in urna, sed. Morbi neque diam feugiat libero mauris at proin ipsum. Eget aliquet nisi, proin fusce ut ornare at nulla ligula. Sed aenean faucibus adipiscing convallis at convallis potenti. Aenean massa nec, aliquet eget. Eleifend eget amet mattis purus pulvinar nisi, ut eleifend feugiat. Maecenas nunc amet in massa vel orci. Feugiat aliquet id orci adipiscing quam elementum, mi diam tortor. Sed etiam cum integer commodo.</p>', '202-555-0184', 1, 2, NOW());



INSERT INTO faculty_information (id, faculty_id, email, history, mission, accreditation, president, phone_number, address_id, location_id,created_at) VALUES (2, 2, 'fa@ula.com', '<h4>Vitae purus ipsum, justo, vetibulum</h1><p>Risus aliquam, tincidunt sem duis lectus dictum. Blandit tincidunt pellentesque sapien faucibus quisque. At accumsan quis et euismod feugiat. Diam eget platea purus, posuere pulvinar nec tellus. Mauris orci enim eu pharetra sed posuere.
Iaculis nibh id turpis vitae eu sagittis. Laoreet platea pulvinar aenean elit. Viverra dictum nulla pretium quis eros, quisque blandit. Vitae est diam pulvinar urna in senectus suspendisse diam. Quis at neque, mi neque, feugiat nunc viverra ut.</p><h4>Lorem sagittis in praesent donec</h4><p>Aliquet interdum eros arcu volutpat scelerisque. Odio risus vulputate viverra congue nulla interdum a. Ultrices bibendum habitant eget dui dolor aenean dapibus. Pellentesque gravida mattis leo aliquet. Mi magna ac, nisi, euismod. Amet vitae bibendum sit etiam viverra. Quam mattis eget nam vitae dignissim.
Odio viverra maecenas magna lacus viverra facilisi mi. Magnis nunc etiam tempus quisque in urna, sed. Morbi neque diam feugiat libero mauris at proin ipsum. Eget aliquet nisi, proin fusce ut ornare at nulla ligula. Sed aenean faucibus adipiscing convallis at convallis potenti. Aenean massa nec, aliquet eget. Eleifend eget amet mattis purus pulvinar nisi, ut eleifend feugiat. Maecenas nunc amet in massa vel orci. Feugiat aliquet id orci adipiscing quam elementum, mi diam tortor. Sed etiam cum integer commodo.</p>', '<h4>Vitae purus ipsum, justo, vetibulum</h1><p>Risus aliquam, tincidunt sem duis lectus dictum. Blandit tincidunt pellentesque sapien faucibus quisque. At accumsan quis et euismod feugiat. Diam eget platea purus, posuere pulvinar nec tellus. Mauris orci enim eu pharetra sed posuere.
Iaculis nibh id turpis vitae eu sagittis. Laoreet platea pulvinar aenean elit. Viverra dictum nulla pretium quis eros, quisque blandit. Vitae est diam pulvinar urna in senectus suspendisse diam. Quis at neque, mi neque, feugiat nunc viverra ut.</p><h4>Lorem sagittis in praesent donec</h4><p>Aliquet interdum eros arcu volutpat scelerisque. Odio risus vulputate viverra congue nulla interdum a. Ultrices bibendum habitant eget dui dolor aenean dapibus. Pellentesque gravida mattis leo aliquet. Mi magna ac, nisi, euismod. Amet vitae bibendum sit etiam viverra. Quam mattis eget nam vitae dignissim.
Odio viverra maecenas magna lacus viverra facilisi mi. Magnis nunc etiam tempus quisque in urna, sed. Morbi neque diam feugiat libero mauris at proin ipsum. Eget aliquet nisi, proin fusce ut ornare at nulla ligula. Sed aenean faucibus adipiscing convallis at convallis potenti. Aenean massa nec, aliquet eget. Eleifend eget amet mattis purus pulvinar nisi, ut eleifend feugiat. Maecenas nunc amet in massa vel orci. Feugiat aliquet id orci adipiscing quam elementum, mi diam tortor. Sed etiam cum integer commodo.</p>', '<h4>Vitae purus ipsum, justo, vetibulum</h1><p>Risus aliquam, tincidunt sem duis lectus dictum. Blandit tincidunt pellentesque sapien faucibus quisque. At accumsan quis et euismod feugiat. Diam eget platea purus, posuere pulvinar nec tellus. Mauris orci enim eu pharetra sed posuere.
Iaculis nibh id turpis vitae eu sagittis. Laoreet platea pulvinar aenean elit. Viverra dictum nulla pretium quis eros, quisque blandit. Vitae est diam pulvinar urna in senectus suspendisse diam. Quis at neque, mi neque, feugiat nunc viverra ut.</p><h4>Lorem sagittis in praesent donec</h4><p>Aliquet interdum eros arcu volutpat scelerisque. Odio risus vulputate viverra congue nulla interdum a. Ultrices bibendum habitant eget dui dolor aenean dapibus. Pellentesque gravida mattis leo aliquet. Mi magna ac, nisi, euismod. Amet vitae bibendum sit etiam viverra. Quam mattis eget nam vitae dignissim.
Odio viverra maecenas magna lacus viverra facilisi mi. Magnis nunc etiam tempus quisque in urna, sed. Morbi neque diam feugiat libero mauris at proin ipsum. Eget aliquet nisi, proin fusce ut ornare at nulla ligula. Sed aenean faucibus adipiscing convallis at convallis potenti. Aenean massa nec, aliquet eget. Eleifend eget amet mattis purus pulvinar nisi, ut eleifend feugiat. Maecenas nunc amet in massa vel orci. Feugiat aliquet id orci adipiscing quam elementum, mi diam tortor. Sed etiam cum integer commodo.</p>', '<h4>Vitae purus ipsum, justo, vetibulum</h1><p>Risus aliquam, tincidunt sem duis lectus dictum. Blandit tincidunt pellentesque sapien faucibus quisque. At accumsan quis et euismod feugiat. Diam eget platea purus, posuere pulvinar nec tellus. Mauris orci enim eu pharetra sed posuere.
Iaculis nibh id turpis vitae eu sagittis. Laoreet platea pulvinar aenean elit. Viverra dictum nulla pretium quis eros, quisque blandit. Vitae est diam pulvinar urna in senectus suspendisse diam. Quis at neque, mi neque, feugiat nunc viverra ut.</p><h4>Lorem sagittis in praesent donec</h4><p>Aliquet interdum eros arcu volutpat scelerisque. Odio risus vulputate viverra congue nulla interdum a. Ultrices bibendum habitant eget dui dolor aenean dapibus. Pellentesque gravida mattis leo aliquet. Mi magna ac, nisi, euismod. Amet vitae bibendum sit etiam viverra. Quam mattis eget nam vitae dignissim.
Odio viverra maecenas magna lacus viverra facilisi mi. Magnis nunc etiam tempus quisque in urna, sed. Morbi neque diam feugiat libero mauris at proin ipsum. Eget aliquet nisi, proin fusce ut ornare at nulla ligula. Sed aenean faucibus adipiscing convallis at convallis potenti. Aenean massa nec, aliquet eget. Eleifend eget amet mattis purus pulvinar nisi, ut eleifend feugiat. Maecenas nunc amet in massa vel orci. Feugiat aliquet id orci adipiscing quam elementum, mi diam tortor. Sed etiam cum integer commodo.</p>', '202-555-0185', 2, 2,NOW());


INSERT INTO faculty_information (id, faculty_id, email, history, mission, accreditation, president, phone_number, address_id, location_id, created_at) VALUES (3, 3, 'fl@ula.com', '<h4>Vitae purus ipsum, justo, vetibulum</h1><p>Risus aliquam, tincidunt sem duis lectus dictum. Blandit tincidunt pellentesque sapien faucibus quisque. At accumsan quis et euismod feugiat. Diam eget platea purus, posuere pulvinar nec tellus. Mauris orci enim eu pharetra sed posuere.
Iaculis nibh id turpis vitae eu sagittis. Laoreet platea pulvinar aenean elit. Viverra dictum nulla pretium quis eros, quisque blandit. Vitae est diam pulvinar urna in senectus suspendisse diam. Quis at neque, mi neque, feugiat nunc viverra ut.</p><h4>Lorem sagittis in praesent donec</h4><p>Aliquet interdum eros arcu volutpat scelerisque. Odio risus vulputate viverra congue nulla interdum a. Ultrices bibendum habitant eget dui dolor aenean dapibus. Pellentesque gravida mattis leo aliquet. Mi magna ac, nisi, euismod. Amet vitae bibendum sit etiam viverra. Quam mattis eget nam vitae dignissim.
Odio viverra maecenas magna lacus viverra facilisi mi. Magnis nunc etiam tempus quisque in urna, sed. Morbi neque diam feugiat libero mauris at proin ipsum. Eget aliquet nisi, proin fusce ut ornare at nulla ligula. Sed aenean faucibus adipiscing convallis at convallis potenti. Aenean massa nec, aliquet eget. Eleifend eget amet mattis purus pulvinar nisi, ut eleifend feugiat. Maecenas nunc amet in massa vel orci. Feugiat aliquet id orci adipiscing quam elementum, mi diam tortor. Sed etiam cum integer commodo.</p>', '<h4>Vitae purus ipsum, justo, vetibulum</h1><p>Risus aliquam, tincidunt sem duis lectus dictum. Blandit tincidunt pellentesque sapien faucibus quisque. At accumsan quis et euismod feugiat. Diam eget platea purus, posuere pulvinar nec tellus. Mauris orci enim eu pharetra sed posuere.
Iaculis nibh id turpis vitae eu sagittis. Laoreet platea pulvinar aenean elit. Viverra dictum nulla pretium quis eros, quisque blandit. Vitae est diam pulvinar urna in senectus suspendisse diam. Quis at neque, mi neque, feugiat nunc viverra ut.</p><h4>Lorem sagittis in praesent donec</h4><p>Aliquet interdum eros arcu volutpat scelerisque. Odio risus vulputate viverra congue nulla interdum a. Ultrices bibendum habitant eget dui dolor aenean dapibus. Pellentesque gravida mattis leo aliquet. Mi magna ac, nisi, euismod. Amet vitae bibendum sit etiam viverra. Quam mattis eget nam vitae dignissim.
Odio viverra maecenas magna lacus viverra facilisi mi. Magnis nunc etiam tempus quisque in urna, sed. Morbi neque diam feugiat libero mauris at proin ipsum. Eget aliquet nisi, proin fusce ut ornare at nulla ligula. Sed aenean faucibus adipiscing convallis at convallis potenti. Aenean massa nec, aliquet eget. Eleifend eget amet mattis purus pulvinar nisi, ut eleifend feugiat. Maecenas nunc amet in massa vel orci. Feugiat aliquet id orci adipiscing quam elementum, mi diam tortor. Sed etiam cum integer commodo.</p>', '<h4>Vitae purus ipsum, justo, vetibulum</h1><p>Risus aliquam, tincidunt sem duis lectus dictum. Blandit tincidunt pellentesque sapien faucibus quisque. At accumsan quis et euismod feugiat. Diam eget platea purus, posuere pulvinar nec tellus. Mauris orci enim eu pharetra sed posuere.
Iaculis nibh id turpis vitae eu sagittis. Laoreet platea pulvinar aenean elit. Viverra dictum nulla pretium quis eros, quisque blandit. Vitae est diam pulvinar urna in senectus suspendisse diam. Quis at neque, mi neque, feugiat nunc viverra ut.</p><h4>Lorem sagittis in praesent donec</h4><p>Aliquet interdum eros arcu volutpat scelerisque. Odio risus vulputate viverra congue nulla interdum a. Ultrices bibendum habitant eget dui dolor aenean dapibus. Pellentesque gravida mattis leo aliquet. Mi magna ac, nisi, euismod. Amet vitae bibendum sit etiam viverra. Quam mattis eget nam vitae dignissim.
Odio viverra maecenas magna lacus viverra facilisi mi. Magnis nunc etiam tempus quisque in urna, sed. Morbi neque diam feugiat libero mauris at proin ipsum. Eget aliquet nisi, proin fusce ut ornare at nulla ligula. Sed aenean faucibus adipiscing convallis at convallis potenti. Aenean massa nec, aliquet eget. Eleifend eget amet mattis purus pulvinar nisi, ut eleifend feugiat. Maecenas nunc amet in massa vel orci. Feugiat aliquet id orci adipiscing quam elementum, mi diam tortor. Sed etiam cum integer commodo.</p>', '<h4>Vitae purus ipsum, justo, vetibulum</h1><p>Risus aliquam, tincidunt sem duis lectus dictum. Blandit tincidunt pellentesque sapien faucibus quisque. At accumsan quis et euismod feugiat. Diam eget platea purus, posuere pulvinar nec tellus. Mauris orci enim eu pharetra sed posuere.
Iaculis nibh id turpis vitae eu sagittis. Laoreet platea pulvinar aenean elit. Viverra dictum nulla pretium quis eros, quisque blandit. Vitae est diam pulvinar urna in senectus suspendisse diam. Quis at neque, mi neque, feugiat nunc viverra ut.</p><h4>Lorem sagittis in praesent donec</h4><p>Aliquet interdum eros arcu volutpat scelerisque. Odio risus vulputate viverra congue nulla interdum a. Ultrices bibendum habitant eget dui dolor aenean dapibus. Pellentesque gravida mattis leo aliquet. Mi magna ac, nisi, euismod. Amet vitae bibendum sit etiam viverra. Quam mattis eget nam vitae dignissim.
Odio viverra maecenas magna lacus viverra facilisi mi. Magnis nunc etiam tempus quisque in urna, sed. Morbi neque diam feugiat libero mauris at proin ipsum. Eget aliquet nisi, proin fusce ut ornare at nulla ligula. Sed aenean faucibus adipiscing convallis at convallis potenti. Aenean massa nec, aliquet eget. Eleifend eget amet mattis purus pulvinar nisi, ut eleifend feugiat. Maecenas nunc amet in massa vel orci. Feugiat aliquet id orci adipiscing quam elementum, mi diam tortor. Sed etiam cum integer commodo.</p>', '202-555-0186', 3, 2, NOW());


INSERT INTO faculty_information (id, faculty_id, email, history, mission, accreditation, president, phone_number, address_id, location_id,created_at) VALUES (4, 4, 'fe@ula.com', '<h4>Vitae purus ipsum, justo, vetibulum</h1><p>Risus aliquam, tincidunt sem duis lectus dictum. Blandit tincidunt pellentesque sapien faucibus quisque. At accumsan quis et euismod feugiat. Diam eget platea purus, posuere pulvinar nec tellus. Mauris orci enim eu pharetra sed posuere.
Iaculis nibh id turpis vitae eu sagittis. Laoreet platea pulvinar aenean elit. Viverra dictum nulla pretium quis eros, quisque blandit. Vitae est diam pulvinar urna in senectus suspendisse diam. Quis at neque, mi neque, feugiat nunc viverra ut.</p><h4>Lorem sagittis in praesent donec</h4><p>Aliquet interdum eros arcu volutpat scelerisque. Odio risus vulputate viverra congue nulla interdum a. Ultrices bibendum habitant eget dui dolor aenean dapibus. Pellentesque gravida mattis leo aliquet. Mi magna ac, nisi, euismod. Amet vitae bibendum sit etiam viverra. Quam mattis eget nam vitae dignissim.
Odio viverra maecenas magna lacus viverra facilisi mi. Magnis nunc etiam tempus quisque in urna, sed. Morbi neque diam feugiat libero mauris at proin ipsum. Eget aliquet nisi, proin fusce ut ornare at nulla ligula. Sed aenean faucibus adipiscing convallis at convallis potenti. Aenean massa nec, aliquet eget. Eleifend eget amet mattis purus pulvinar nisi, ut eleifend feugiat. Maecenas nunc amet in massa vel orci. Feugiat aliquet id orci adipiscing quam elementum, mi diam tortor. Sed etiam cum integer commodo.</p>', '<h4>Vitae purus ipsum, justo, vetibulum</h1><p>Risus aliquam, tincidunt sem duis lectus dictum. Blandit tincidunt pellentesque sapien faucibus quisque. At accumsan quis et euismod feugiat. Diam eget platea purus, posuere pulvinar nec tellus. Mauris orci enim eu pharetra sed posuere.
Iaculis nibh id turpis vitae eu sagittis. Laoreet platea pulvinar aenean elit. Viverra dictum nulla pretium quis eros, quisque blandit. Vitae est diam pulvinar urna in senectus suspendisse diam. Quis at neque, mi neque, feugiat nunc viverra ut.</p><h4>Lorem sagittis in praesent donec</h4><p>Aliquet interdum eros arcu volutpat scelerisque. Odio risus vulputate viverra congue nulla interdum a. Ultrices bibendum habitant eget dui dolor aenean dapibus. Pellentesque gravida mattis leo aliquet. Mi magna ac, nisi, euismod. Amet vitae bibendum sit etiam viverra. Quam mattis eget nam vitae dignissim.
Odio viverra maecenas magna lacus viverra facilisi mi. Magnis nunc etiam tempus quisque in urna, sed. Morbi neque diam feugiat libero mauris at proin ipsum. Eget aliquet nisi, proin fusce ut ornare at nulla ligula. Sed aenean faucibus adipiscing convallis at convallis potenti. Aenean massa nec, aliquet eget. Eleifend eget amet mattis purus pulvinar nisi, ut eleifend feugiat. Maecenas nunc amet in massa vel orci. Feugiat aliquet id orci adipiscing quam elementum, mi diam tortor. Sed etiam cum integer commodo.</p>', '<h4>Vitae purus ipsum, justo, vetibulum</h1><p>Risus aliquam, tincidunt sem duis lectus dictum. Blandit tincidunt pellentesque sapien faucibus quisque. At accumsan quis et euismod feugiat. Diam eget platea purus, posuere pulvinar nec tellus. Mauris orci enim eu pharetra sed posuere.
Iaculis nibh id turpis vitae eu sagittis. Laoreet platea pulvinar aenean elit. Viverra dictum nulla pretium quis eros, quisque blandit. Vitae est diam pulvinar urna in senectus suspendisse diam. Quis at neque, mi neque, feugiat nunc viverra ut.</p><h4>Lorem sagittis in praesent donec</h4><p>Aliquet interdum eros arcu volutpat scelerisque. Odio risus vulputate viverra congue nulla interdum a. Ultrices bibendum habitant eget dui dolor aenean dapibus. Pellentesque gravida mattis leo aliquet. Mi magna ac, nisi, euismod. Amet vitae bibendum sit etiam viverra. Quam mattis eget nam vitae dignissim.
Odio viverra maecenas magna lacus viverra facilisi mi. Magnis nunc etiam tempus quisque in urna, sed. Morbi neque diam feugiat libero mauris at proin ipsum. Eget aliquet nisi, proin fusce ut ornare at nulla ligula. Sed aenean faucibus adipiscing convallis at convallis potenti. Aenean massa nec, aliquet eget. Eleifend eget amet mattis purus pulvinar nisi, ut eleifend feugiat. Maecenas nunc amet in massa vel orci. Feugiat aliquet id orci adipiscing quam elementum, mi diam tortor. Sed etiam cum integer commodo.</p>', '<h4>Vitae purus ipsum, justo, vetibulum</h1><p>Risus aliquam, tincidunt sem duis lectus dictum. Blandit tincidunt pellentesque sapien faucibus quisque. At accumsan quis et euismod feugiat. Diam eget platea purus, posuere pulvinar nec tellus. Mauris orci enim eu pharetra sed posuere.
Iaculis nibh id turpis vitae eu sagittis. Laoreet platea pulvinar aenean elit. Viverra dictum nulla pretium quis eros, quisque blandit. Vitae est diam pulvinar urna in senectus suspendisse diam. Quis at neque, mi neque, feugiat nunc viverra ut.</p><h4>Lorem sagittis in praesent donec</h4><p>Aliquet interdum eros arcu volutpat scelerisque. Odio risus vulputate viverra congue nulla interdum a. Ultrices bibendum habitant eget dui dolor aenean dapibus. Pellentesque gravida mattis leo aliquet. Mi magna ac, nisi, euismod. Amet vitae bibendum sit etiam viverra. Quam mattis eget nam vitae dignissim.
Odio viverra maecenas magna lacus viverra facilisi mi. Magnis nunc etiam tempus quisque in urna, sed. Morbi neque diam feugiat libero mauris at proin ipsum. Eget aliquet nisi, proin fusce ut ornare at nulla ligula. Sed aenean faucibus adipiscing convallis at convallis potenti. Aenean massa nec, aliquet eget. Eleifend eget amet mattis purus pulvinar nisi, ut eleifend feugiat. Maecenas nunc amet in massa vel orci. Feugiat aliquet id orci adipiscing quam elementum, mi diam tortor. Sed etiam cum integer commodo.</p>', '202-555-0187', 2, 2,NOW());


INSERT INTO faculty_information (id, faculty_id, email, history, mission, accreditation, president, phone_number, address_id, location_id, created_at) VALUES (5, 5, 'fm@ula.com', '<h4>Vitae purus ipsum, justo, vetibulum</h1><p>Risus aliquam, tincidunt sem duis lectus dictum. Blandit tincidunt pellentesque sapien faucibus quisque. At accumsan quis et euismod feugiat. Diam eget platea purus, posuere pulvinar nec tellus. Mauris orci enim eu pharetra sed posuere.
Iaculis nibh id turpis vitae eu sagittis. Laoreet platea pulvinar aenean elit. Viverra dictum nulla pretium quis eros, quisque blandit. Vitae est diam pulvinar urna in senectus suspendisse diam. Quis at neque, mi neque, feugiat nunc viverra ut.</p><h4>Lorem sagittis in praesent donec</h4><p>Aliquet interdum eros arcu volutpat scelerisque. Odio risus vulputate viverra congue nulla interdum a. Ultrices bibendum habitant eget dui dolor aenean dapibus. Pellentesque gravida mattis leo aliquet. Mi magna ac, nisi, euismod. Amet vitae bibendum sit etiam viverra. Quam mattis eget nam vitae dignissim.
Odio viverra maecenas magna lacus viverra facilisi mi. Magnis nunc etiam tempus quisque in urna, sed. Morbi neque diam feugiat libero mauris at proin ipsum. Eget aliquet nisi, proin fusce ut ornare at nulla ligula. Sed aenean faucibus adipiscing convallis at convallis potenti. Aenean massa nec, aliquet eget. Eleifend eget amet mattis purus pulvinar nisi, ut eleifend feugiat. Maecenas nunc amet in massa vel orci. Feugiat aliquet id orci adipiscing quam elementum, mi diam tortor. Sed etiam cum integer commodo.</p>', '<h4>Vitae purus ipsum, justo, vetibulum</h1><p>Risus aliquam, tincidunt sem duis lectus dictum. Blandit tincidunt pellentesque sapien faucibus quisque. At accumsan quis et euismod feugiat. Diam eget platea purus, posuere pulvinar nec tellus. Mauris orci enim eu pharetra sed posuere.
Iaculis nibh id turpis vitae eu sagittis. Laoreet platea pulvinar aenean elit. Viverra dictum nulla pretium quis eros, quisque blandit. Vitae est diam pulvinar urna in senectus suspendisse diam. Quis at neque, mi neque, feugiat nunc viverra ut.</p><h4>Lorem sagittis in praesent donec</h4><p>Aliquet interdum eros arcu volutpat scelerisque. Odio risus vulputate viverra congue nulla interdum a. Ultrices bibendum habitant eget dui dolor aenean dapibus. Pellentesque gravida mattis leo aliquet. Mi magna ac, nisi, euismod. Amet vitae bibendum sit etiam viverra. Quam mattis eget nam vitae dignissim.
Odio viverra maecenas magna lacus viverra facilisi mi. Magnis nunc etiam tempus quisque in urna, sed. Morbi neque diam feugiat libero mauris at proin ipsum. Eget aliquet nisi, proin fusce ut ornare at nulla ligula. Sed aenean faucibus adipiscing convallis at convallis potenti. Aenean massa nec, aliquet eget. Eleifend eget amet mattis purus pulvinar nisi, ut eleifend feugiat. Maecenas nunc amet in massa vel orci. Feugiat aliquet id orci adipiscing quam elementum, mi diam tortor. Sed etiam cum integer commodo.</p>', '<h4>Vitae purus ipsum, justo, vetibulum</h1><p>Risus aliquam, tincidunt sem duis lectus dictum. Blandit tincidunt pellentesque sapien faucibus quisque. At accumsan quis et euismod feugiat. Diam eget platea purus, posuere pulvinar nec tellus. Mauris orci enim eu pharetra sed posuere.
Iaculis nibh id turpis vitae eu sagittis. Laoreet platea pulvinar aenean elit. Viverra dictum nulla pretium quis eros, quisque blandit. Vitae est diam pulvinar urna in senectus suspendisse diam. Quis at neque, mi neque, feugiat nunc viverra ut.</p><h4>Lorem sagittis in praesent donec</h4><p>Aliquet interdum eros arcu volutpat scelerisque. Odio risus vulputate viverra congue nulla interdum a. Ultrices bibendum habitant eget dui dolor aenean dapibus. Pellentesque gravida mattis leo aliquet. Mi magna ac, nisi, euismod. Amet vitae bibendum sit etiam viverra. Quam mattis eget nam vitae dignissim.
Odio viverra maecenas magna lacus viverra facilisi mi. Magnis nunc etiam tempus quisque in urna, sed. Morbi neque diam feugiat libero mauris at proin ipsum. Eget aliquet nisi, proin fusce ut ornare at nulla ligula. Sed aenean faucibus adipiscing convallis at convallis potenti. Aenean massa nec, aliquet eget. Eleifend eget amet mattis purus pulvinar nisi, ut eleifend feugiat. Maecenas nunc amet in massa vel orci. Feugiat aliquet id orci adipiscing quam elementum, mi diam tortor. Sed etiam cum integer commodo.</p>', '<h4>Vitae purus ipsum, justo, vetibulum</h1><p>Risus aliquam, tincidunt sem duis lectus dictum. Blandit tincidunt pellentesque sapien faucibus quisque. At accumsan quis et euismod feugiat. Diam eget platea purus, posuere pulvinar nec tellus. Mauris orci enim eu pharetra sed posuere.
Iaculis nibh id turpis vitae eu sagittis. Laoreet platea pulvinar aenean elit. Viverra dictum nulla pretium quis eros, quisque blandit. Vitae est diam pulvinar urna in senectus suspendisse diam. Quis at neque, mi neque, feugiat nunc viverra ut.</p><h4>Lorem sagittis in praesent donec</h4><p>Aliquet interdum eros arcu volutpat scelerisque. Odio risus vulputate viverra congue nulla interdum a. Ultrices bibendum habitant eget dui dolor aenean dapibus. Pellentesque gravida mattis leo aliquet. Mi magna ac, nisi, euismod. Amet vitae bibendum sit etiam viverra. Quam mattis eget nam vitae dignissim.
Odio viverra maecenas magna lacus viverra facilisi mi. Magnis nunc etiam tempus quisque in urna, sed. Morbi neque diam feugiat libero mauris at proin ipsum. Eget aliquet nisi, proin fusce ut ornare at nulla ligula. Sed aenean faucibus adipiscing convallis at convallis potenti. Aenean massa nec, aliquet eget. Eleifend eget amet mattis purus pulvinar nisi, ut eleifend feugiat. Maecenas nunc amet in massa vel orci. Feugiat aliquet id orci adipiscing quam elementum, mi diam tortor. Sed etiam cum integer commodo.</p>', '202-555-0188', 1, 2, NOW());


INSERT INTO faculty_information (id, faculty_id, email, history, mission, accreditation, president, phone_number, address_id, location_id, created_at) VALUES (6, 6, 'aoa@ula.com', '<h4>Vitae purus ipsum, justo, vetibulum</h1><p>Risus aliquam, tincidunt sem duis lectus dictum. Blandit tincidunt pellentesque sapien faucibus quisque. At accumsan quis et euismod feugiat. Diam eget platea purus, posuere pulvinar nec tellus. Mauris orci enim eu pharetra sed posuere.
Iaculis nibh id turpis vitae eu sagittis. Laoreet platea pulvinar aenean elit. Viverra dictum nulla pretium quis eros, quisque blandit. Vitae est diam pulvinar urna in senectus suspendisse diam. Quis at neque, mi neque, feugiat nunc viverra ut.</p><h4>Lorem sagittis in praesent donec</h4><p>Aliquet interdum eros arcu volutpat scelerisque. Odio risus vulputate viverra congue nulla interdum a. Ultrices bibendum habitant eget dui dolor aenean dapibus. Pellentesque gravida mattis leo aliquet. Mi magna ac, nisi, euismod. Amet vitae bibendum sit etiam viverra. Quam mattis eget nam vitae dignissim.
Odio viverra maecenas magna lacus viverra facilisi mi. Magnis nunc etiam tempus quisque in urna, sed. Morbi neque diam feugiat libero mauris at proin ipsum. Eget aliquet nisi, proin fusce ut ornare at nulla ligula. Sed aenean faucibus adipiscing convallis at convallis potenti. Aenean massa nec, aliquet eget. Eleifend eget amet mattis purus pulvinar nisi, ut eleifend feugiat. Maecenas nunc amet in massa vel orci. Feugiat aliquet id orci adipiscing quam elementum, mi diam tortor. Sed etiam cum integer commodo.</p>', '<h4>Vitae purus ipsum, justo, vetibulum</h1><p>Risus aliquam, tincidunt sem duis lectus dictum. Blandit tincidunt pellentesque sapien faucibus quisque. At accumsan quis et euismod feugiat. Diam eget platea purus, posuere pulvinar nec tellus. Mauris orci enim eu pharetra sed posuere.
Iaculis nibh id turpis vitae eu sagittis. Laoreet platea pulvinar aenean elit. Viverra dictum nulla pretium quis eros, quisque blandit. Vitae est diam pulvinar urna in senectus suspendisse diam. Quis at neque, mi neque, feugiat nunc viverra ut.</p><h4>Lorem sagittis in praesent donec</h4><p>Aliquet interdum eros arcu volutpat scelerisque. Odio risus vulputate viverra congue nulla interdum a. Ultrices bibendum habitant eget dui dolor aenean dapibus. Pellentesque gravida mattis leo aliquet. Mi magna ac, nisi, euismod. Amet vitae bibendum sit etiam viverra. Quam mattis eget nam vitae dignissim.
Odio viverra maecenas magna lacus viverra facilisi mi. Magnis nunc etiam tempus quisque in urna, sed. Morbi neque diam feugiat libero mauris at proin ipsum. Eget aliquet nisi, proin fusce ut ornare at nulla ligula. Sed aenean faucibus adipiscing convallis at convallis potenti. Aenean massa nec, aliquet eget. Eleifend eget amet mattis purus pulvinar nisi, ut eleifend feugiat. Maecenas nunc amet in massa vel orci. Feugiat aliquet id orci adipiscing quam elementum, mi diam tortor. Sed etiam cum integer commodo.</p>', '<h4>Vitae purus ipsum, justo, vetibulum</h1><p>Risus aliquam, tincidunt sem duis lectus dictum. Blandit tincidunt pellentesque sapien faucibus quisque. At accumsan quis et euismod feugiat. Diam eget platea purus, posuere pulvinar nec tellus. Mauris orci enim eu pharetra sed posuere.
Iaculis nibh id turpis vitae eu sagittis. Laoreet platea pulvinar aenean elit. Viverra dictum nulla pretium quis eros, quisque blandit. Vitae est diam pulvinar urna in senectus suspendisse diam. Quis at neque, mi neque, feugiat nunc viverra ut.</p><h4>Lorem sagittis in praesent donec</h4><p>Aliquet interdum eros arcu volutpat scelerisque. Odio risus vulputate viverra congue nulla interdum a. Ultrices bibendum habitant eget dui dolor aenean dapibus. Pellentesque gravida mattis leo aliquet. Mi magna ac, nisi, euismod. Amet vitae bibendum sit etiam viverra. Quam mattis eget nam vitae dignissim.
Odio viverra maecenas magna lacus viverra facilisi mi. Magnis nunc etiam tempus quisque in urna, sed. Morbi neque diam feugiat libero mauris at proin ipsum. Eget aliquet nisi, proin fusce ut ornare at nulla ligula. Sed aenean faucibus adipiscing convallis at convallis potenti. Aenean massa nec, aliquet eget. Eleifend eget amet mattis purus pulvinar nisi, ut eleifend feugiat. Maecenas nunc amet in massa vel orci. Feugiat aliquet id orci adipiscing quam elementum, mi diam tortor. Sed etiam cum integer commodo.</p>', '<h4>Vitae purus ipsum, justo, vetibulum</h1><p>Risus aliquam, tincidunt sem duis lectus dictum. Blandit tincidunt pellentesque sapien faucibus quisque. At accumsan quis et euismod feugiat. Diam eget platea purus, posuere pulvinar nec tellus. Mauris orci enim eu pharetra sed posuere.
Iaculis nibh id turpis vitae eu sagittis. Laoreet platea pulvinar aenean elit. Viverra dictum nulla pretium quis eros, quisque blandit. Vitae est diam pulvinar urna in senectus suspendisse diam. Quis at neque, mi neque, feugiat nunc viverra ut.</p><h4>Lorem sagittis in praesent donec</h4><p>Aliquet interdum eros arcu volutpat scelerisque. Odio risus vulputate viverra congue nulla interdum a. Ultrices bibendum habitant eget dui dolor aenean dapibus. Pellentesque gravida mattis leo aliquet. Mi magna ac, nisi, euismod. Amet vitae bibendum sit etiam viverra. Quam mattis eget nam vitae dignissim.
Odio viverra maecenas magna lacus viverra facilisi mi. Magnis nunc etiam tempus quisque in urna, sed. Morbi neque diam feugiat libero mauris at proin ipsum. Eget aliquet nisi, proin fusce ut ornare at nulla ligula. Sed aenean faucibus adipiscing convallis at convallis potenti. Aenean massa nec, aliquet eget. Eleifend eget amet mattis purus pulvinar nisi, ut eleifend feugiat. Maecenas nunc amet in massa vel orci. Feugiat aliquet id orci adipiscing quam elementum, mi diam tortor. Sed etiam cum integer commodo.</p>', '202-555-0189', 1, 3, NOW());



INSERT INTO study_program_degree (id, level) VALUES (1, 'Undergraduate');
INSERT INTO study_program_degree (id, level) VALUES (2, 'Master');
INSERT INTO study_program_degree (id, level) VALUES (3, 'Doctoral');


INSERT INTO study_program_location (id, name) VALUES (1,'Main Campus');
INSERT INTO study_program_location (id, name) VALUES (2, 'West Campus');
INSERT INTO study_program_location (id, name) VALUES (3, 'South Campus');



INSERT INTO study_program (name, description, degree_id, faculty_id, location_id, created_at) VALUES ('Production Engineering', 'Description about Production Engineering',1, 1, 1, NOW());
INSERT INTO study_program (name, description, degree_id, faculty_id, location_id, created_at) VALUES ('Computer Science', 'Description about Computer Science',1, 1, 1, NOW());
INSERT INTO study_program (name, description, degree_id, faculty_id, location_id, created_at) VALUES ('Biomedical Engineering', 'Description about Biomedical Engineering',1, 1, 1, NOW());
INSERT INTO study_program (name, description, degree_id, faculty_id, location_id, created_at) VALUES ('Mechatronics', 'Description about Mechatronics',1, 1, 1, NOW());
INSERT INTO study_program (name, description, degree_id, faculty_id, location_id, created_at) VALUES ('Industrial Engineering',  'Description about Industrial Engineering',1, 1, 1, NOW());
INSERT INTO study_program (name, description, degree_id, faculty_id, location_id, created_at) VALUES ('Graphic Engineering and Design', 'Description about Graphic Engnineering and Design', 1, 1, 1,NOW());
INSERT INTO study_program (name, description, degree_id, faculty_id, location_id, created_at) VALUES ('Computing and Control Engineering',  'Description about Computing and Control Engineering',1, 1, 1, NOW());
INSERT INTO study_program (name, description, degree_id, faculty_id, location_id, created_at) VALUES ('Architecture',  'Description about Architecture',1, 1, 1, NOW());


INSERT INTO study_program (name, description, degree_id, faculty_id, location_id, created_at) VALUES ('Production Engineering', 'Description about Production Engineering',2, 1, 1, NOW());
INSERT INTO study_program (name, description, degree_id, faculty_id, location_id, created_at) VALUES ('Civil Engineering', 'Description about Civil Engineering',2, 1, 1, NOW());
INSERT INTO study_program (name, description, degree_id, faculty_id, location_id, created_at) VALUES ('Architecture', 'Description about Architecture',2, 1, 1, NOW());
INSERT INTO study_program (name, description, degree_id, faculty_id, location_id, created_at) VALUES ('Computer Science', 'Description about Computer Science',2, 1, 1, NOW());
INSERT INTO study_program (name, description, degree_id, faculty_id, location_id, created_at) VALUES ('Graphic Engineering and Design', 'Description about Graphic Engineering and Design',2, 1, 1, NOW());
INSERT INTO study_program (name, description, degree_id, faculty_id, location_id, created_at) VALUES ('Biomedical Engineering', 'Description about Biomedical Engineering',2, 1, 1, NOW());


INSERT INTO study_program (name, description, degree_id, faculty_id, location_id, created_at) VALUES ('Architecture', 'Description about Architecture',3, 1, 1, NOW());
INSERT INTO study_program (name, description, degree_id, faculty_id, location_id, created_at) VALUES ('Mechatronics', 'Description about Mechatronics',3, 1, 1, NOW());
INSERT INTO study_program (name, description, degree_id, faculty_id, location_id, created_at) VALUES ('Computing and Control Engineering', 'Description about Computing and Control Engineering',3, 1, 1, NOW());
INSERT INTO study_program (name, description, degree_id, faculty_id, location_id, created_at) VALUES ('Traffic Engineering', 'Description about Traffic Engineering',3, 1, 1, NOW());




INSERT INTO study_program (name,description, degree_id, faculty_id, location_id, created_at) VALUES ('Pedagogy','Description about Pedagogy', 1, 2, 2, NOW());
INSERT INTO study_program (name,description, degree_id, faculty_id, location_id, created_at) VALUES ('Psychology','Description about Psychology', 1, 2, 2, NOW());
INSERT INTO study_program (name,description, degree_id, faculty_id, location_id, created_at) VALUES ('Sociology','Description about Sociology', 1, 2, 2, NOW());
INSERT INTO study_program (name,description, degree_id, faculty_id, location_id, created_at) VALUES ('Philosophy','Description about Philosophy', 1, 2, 2, NOW());
INSERT INTO study_program (name,description, degree_id, faculty_id, location_id, created_at) VALUES ('Journalism','Description about Journalism', 1, 2, 2, NOW());


INSERT INTO study_program (name,description, degree_id, faculty_id, location_id, created_at) VALUES ('History','Description about History', 2, 2, 2, NOW());
INSERT INTO study_program (name,description, degree_id, faculty_id, location_id, created_at) VALUES ('Pedagogy','Description about Pedagogy', 2, 2, 2, NOW());
INSERT INTO study_program (name,description, degree_id, faculty_id, location_id, created_at) VALUES ('Psychology','Description about Psychology', 2, 2, 2, NOW());
INSERT INTO study_program (name,description, degree_id, faculty_id, location_id, created_at) VALUES ('Sociology','Description about Sociology', 2, 2, 2, NOW());


INSERT INTO study_program (name,description, degree_id, faculty_id, location_id, created_at) VALUES ('General Legal Studies','Description about General Legal Studies', 1, 3, 3, NOW());
INSERT INTO study_program (name,description, degree_id, faculty_id, location_id, created_at) VALUES ('Criminal Justice Studies','Description about Criminal Justice Studies', 1, 3, 3, NOW());


INSERT INTO study_program (name,description, degree_id, faculty_id, location_id, created_at) VALUES ('General Legal Studies','Description about General Legal Studies', 2, 3, 3, NOW());
INSERT INTO study_program (name,description, degree_id, faculty_id, location_id, created_at) VALUES ('Criminal Justice Studies','Description about Criminal Justice Studies', 2, 3, 3, NOW());
INSERT INTO study_program (name,description, degree_id, faculty_id, location_id, created_at) VALUES ('National Security','Description about National Security', 2, 3, 3, NOW());


INSERT INTO study_program (name,description, degree_id, faculty_id, location_id, created_at) VALUES ('Public Law','Description about Public Law', 3, 3, 3, NOW());
INSERT INTO study_program (name,description, degree_id, faculty_id, location_id, created_at) VALUES ('Private Law','Description about Private Law', 3, 3, 3, NOW());



INSERT INTO study_program (name,description, degree_id, faculty_id, location_id, created_at) VALUES ('Finance, Banking and Insurance','Description about Finance, Banking and Insurance', 1, 4, 3, NOW());
INSERT INTO study_program (name,description, degree_id, faculty_id, location_id, created_at) VALUES ('Management','Description about Management', 1, 4, 3, NOW());
INSERT INTO study_program (name,description, degree_id, faculty_id, location_id, created_at) VALUES ('Accounting and Auditing','Description about Accounting and Auditing', 1, 4, 3, NOW());
INSERT INTO study_program (name,description, degree_id, faculty_id, location_id, created_at) VALUES ('Trade','Description about Trade', 1, 4, 3, NOW());
INSERT INTO study_program (name,description, degree_id, faculty_id, location_id, created_at) VALUES ('Business Informatics','Description about Business Informatics', 1, 4, 3, NOW());


INSERT INTO study_program (name,description, degree_id, faculty_id, location_id, created_at) VALUES ('Finance, Banking and Insurance','Description about Finance, Banking and Insurance', 2, 4, 3, NOW());
INSERT INTO study_program (name,description, degree_id, faculty_id, location_id, created_at) VALUES ('Management','Description about Management', 2, 4, 3, NOW());
INSERT INTO study_program (name,description, degree_id, faculty_id, location_id, created_at) VALUES ('Business Information Systems','Description about Business Information Systems', 2, 4, 3, NOW());
INSERT INTO study_program (name,description, degree_id, faculty_id, location_id, created_at) VALUES ('Accounting and Auditing','Description about Accounting and Auditing', 2, 4, 3, NOW());

INSERT INTO study_program (name,description, degree_id, faculty_id, location_id, created_at) VALUES ('Economy','Description about Economy', 3, 4, 3, NOW());
INSERT INTO study_program (name,description, degree_id, faculty_id, location_id, created_at) VALUES ('Business Economics and Management', 'Description about Business Economics and Management',3, 4, 3, NOW());


INSERT INTO study_program (name,description, degree_id, faculty_id, location_id, created_at) VALUES ('Nursing', 'Description about Nursing',1, 5, 3, NOW());
INSERT INTO study_program (name,description, degree_id, faculty_id, location_id, created_at) VALUES ('Medical Rehabilitation', 'Description about Medical Rehabilitation',1, 5, 3, NOW());
INSERT INTO study_program (name,description, degree_id, faculty_id, location_id, created_at) VALUES ('Special Education and Rehabilitation', 'Description about Special Education and Rehabilitation',1, 5, 3, NOW());


INSERT INTO study_program (name,description, degree_id, faculty_id, location_id, created_at) VALUES ('Nursing', 'Description about Nursing',2, 5, 3, NOW());
INSERT INTO study_program (name,description, degree_id, faculty_id, location_id, created_at) VALUES ('Special Education and Rehabilitation', 'Description about Special Education and Rehabilitation',2, 5, 3, NOW());
INSERT INTO study_program (name,description, degree_id, faculty_id, location_id, created_at) VALUES ('Medical Rehabilitation', 'Description about ',2, 5, 3, NOW());


INSERT INTO study_program (name,description, degree_id, faculty_id, location_id, created_at) VALUES ('Molecular Medicine', 'Description about Molecular Medicine',3, 5, 3, NOW());
INSERT INTO study_program (name,description, degree_id, faculty_id, location_id, created_at) VALUES ('Clinical Medicine', 'Description about Clinical Medicine',3, 5, 3, NOW());
INSERT INTO study_program (name,description, degree_id, faculty_id, location_id, created_at) VALUES ('Public Health', 'Description about Public Health',3, 5, 3, NOW());



INSERT INTO study_program (name,description, degree_id, faculty_id, location_id, created_at) VALUES ('Composition', 'Description about Composition',1, 6, 3, NOW());
INSERT INTO study_program (name,description, degree_id, faculty_id, location_id, created_at) VALUES ('Musicology', 'Description about Musicology',1, 6, 3, NOW());
INSERT INTO study_program (name, description,degree_id, faculty_id, location_id, created_at) VALUES ('Ethnomusicology', 'Description about Ethnomusicology',1, 6, 3, NOW());
INSERT INTO study_program (name, description,degree_id, faculty_id, location_id, created_at) VALUES ('Music Pedagogy', 'Description about Music Pedagogy',1, 6, 3, NOW());
INSERT INTO study_program (name, description,degree_id, faculty_id, location_id, created_at) VALUES ('Acting', 'Description about Acting',1, 6, 3, NOW());
INSERT INTO study_program (name, description,degree_id, faculty_id, location_id, created_at) VALUES ('Мusic Production', 'Description about Мusic Production',1, 6, 3, NOW());
INSERT INTO study_program (name, description,degree_id, faculty_id, location_id, created_at) VALUES ('Fine Arts', 'Description about Fine Arts',1, 6, 3, NOW());


INSERT INTO study_program (name, description,degree_id, faculty_id, location_id, created_at) VALUES ('Composition', 'Description about Composition',2, 6, 3, NOW());
INSERT INTO study_program (name, description,degree_id, faculty_id, location_id, created_at) VALUES ('Musicology', 'Description about Musicology',2, 6, 3, NOW());
INSERT INTO study_program (name, description,degree_id, faculty_id, location_id, created_at) VALUES ('Ethnomusicology', 'Description about Ethnomusicology',2, 6, 3, NOW());
INSERT INTO study_program (name, description,degree_id, faculty_id, location_id, created_at) VALUES ('Acting', 'Description about Acting',2, 6, 3, NOW());
INSERT INTO study_program (name, description,degree_id, faculty_id, location_id, created_at) VALUES ('Мusic Production', 'Description about Мusic Production',2, 6, 3, NOW());
INSERT INTO study_program (name, description,degree_id, faculty_id, location_id, created_at) VALUES ('Fine Arts', 'Description about Fine Arts',2, 6, 3, NOW());


INSERT INTO study_program (name, description,degree_id, faculty_id, location_id, created_at) VALUES ('Composition', 'Description about Composition',3, 6, 3, NOW());
INSERT INTO study_program (name, description,degree_id, faculty_id, location_id, created_at) VALUES ('Musicology', 'Description about Musicology',3, 6, 3, NOW());
INSERT INTO study_program (name, description,degree_id, faculty_id, location_id, created_at) VALUES ('Ethnomusicology', 'Description about Ethnomusicology',3, 6, 3, NOW());
INSERT INTO study_program (name, description,degree_id, faculty_id, location_id, created_at) VALUES ('Acting', 'Description about Acting',3, 6, 3, NOW());
INSERT INTO study_program (name, description,degree_id, faculty_id, location_id, created_at) VALUES ('Мusic Production', 'Description about Мusic Production',3, 6, 3, NOW());
INSERT INTO study_program (name, description,degree_id, faculty_id, location_id, created_at) VALUES ('Fine Arts', 'Description about Fine Arts',3, 6, 3, NOW());

# Production Engineering years
INSERT INTO year_of_study (id,year, ordinal_number, study_program_id, created_at) VALUES (1,'2020-11-01', 1, 2, NOW());
INSERT INTO year_of_study (id,year, ordinal_number, study_program_id, created_at) VALUES (2,'2021-11-01', 2, 2, NOW());
INSERT INTO year_of_study (id,year, ordinal_number, study_program_id, created_at) VALUES (3,'2022-11-01', 3, 2, NOW());


# Subjects/Courses

# FIRST YEAR
# 1st semester
INSERT INTO subject (year_of_study_id, name, semester, espb, number_of_lectures, number_of_practical_lectures, other_forms_of_lectures, research_works, other_lectures, created_at) VALUES (1, "Advanced Methods in Metal Forming", 1, 7, 20, 20, 0, 0, 0, NOW());

INSERT INTO subject (year_of_study_id, name, semester, espb, number_of_lectures, number_of_practical_lectures, other_forms_of_lectures, research_works, other_lectures, created_at) VALUES (1, "CAD CAE CAM and CIM Systems", 1, 5, 20, 20, 0, 0, 0, NOW());

INSERT INTO subject (year_of_study_id, name, semester, espb, number_of_lectures, number_of_practical_lectures, other_forms_of_lectures, research_works, other_lectures, created_at) VALUES (1, "Casting Technology", 1, 5, 20, 20, 0, 0, 0, NOW());

INSERT INTO subject (year_of_study_id, name, semester, espb, number_of_lectures, number_of_practical_lectures, other_forms_of_lectures, research_works, other_lectures, created_at) VALUES (1, "Computer Aided Design of Tools and Dies for Metal Forming", 1, 7, 20, 20, 0, 0, 0, NOW());

# 2nd semester
INSERT INTO subject (year_of_study_id, name, semester, espb, number_of_lectures, number_of_practical_lectures, other_forms_of_lectures, research_works, other_lectures, created_at) VALUES (1, "Contemporary Casting Technologies", 2, 6, 20, 20, 0, 0, 0, NOW());

INSERT INTO subject (year_of_study_id, name, semester, espb, number_of_lectures, number_of_practical_lectures, other_forms_of_lectures, research_works, other_lectures, created_at) VALUES (1, "Contemporary Materials", 2, 6, 20, 20, 0, 0, 0, NOW());

INSERT INTO subject (year_of_study_id, name, semester, espb, number_of_lectures, number_of_practical_lectures, other_forms_of_lectures, research_works, other_lectures, created_at) VALUES (1, "Cutting tools", 2, 6, 20, 20, 0, 0, 0, NOW());

INSERT INTO subject (year_of_study_id, name, semester, espb, number_of_lectures, number_of_practical_lectures, other_forms_of_lectures, research_works, other_lectures, created_at) VALUES (1, "Fixtures", 2, 5, 20, 20, 0, 0, 0, NOW());

# SECOND YEAR
# 3rd semester
INSERT INTO subject (year_of_study_id, name, semester, espb, number_of_lectures, number_of_practical_lectures, other_forms_of_lectures, research_works, other_lectures, created_at) VALUES (2, "Innovation Technologies", 3, 6, 20, 20, 0, 0, 0, NOW());

INSERT INTO subject (year_of_study_id, name, semester, espb, number_of_lectures, number_of_practical_lectures, other_forms_of_lectures, research_works, other_lectures, created_at) VALUES (2, "Integrated CAPP Systems and Technological Database", 3, 4, 20, 20, 0, 0, 0, NOW());

INSERT INTO subject (year_of_study_id, name, semester, espb, number_of_lectures, number_of_practical_lectures, other_forms_of_lectures, research_works, other_lectures, created_at) VALUES (2, "Machines and Devices for Plastic Processing", 3, 6, 20, 20, 0, 0, 0, NOW());

INSERT INTO subject (year_of_study_id, name, semester, espb, number_of_lectures, number_of_practical_lectures, other_forms_of_lectures, research_works, other_lectures, created_at) VALUES (2, "Machines for Processing by Deforming", 3, 5, 20, 20, 0, 0, 0, NOW());

# 4th semester
INSERT INTO subject (year_of_study_id, name, semester, espb, number_of_lectures, number_of_practical_lectures, other_forms_of_lectures, research_works, other_lectures, created_at) VALUES (2, "Mechanical Materials", 4, 8, 20, 20, 0, 0, 0, NOW());

INSERT INTO subject (year_of_study_id, name, semester, espb, number_of_lectures, number_of_practical_lectures, other_forms_of_lectures, research_works, other_lectures, created_at) VALUES (2, "Metal Forming", 4, 5, 20, 20, 0, 0, 0, NOW());

INSERT INTO subject (year_of_study_id, name, semester, espb, number_of_lectures, number_of_practical_lectures, other_forms_of_lectures, research_works, other_lectures, created_at) VALUES (2, "Nonconventional Procedures in Processing", 4, 5, 20, 20, 0, 0, 0, NOW());

INSERT INTO subject (year_of_study_id, name, semester, espb, number_of_lectures, number_of_practical_lectures, other_forms_of_lectures, research_works, other_lectures, created_at) VALUES (2, "Process Planning", 4, 6, 20, 20, 0, 0, 0, NOW());

# THIRD YEAR
# 5th semester
INSERT INTO subject (year_of_study_id, name, semester, espb, number_of_lectures, number_of_practical_lectures, other_forms_of_lectures, research_works, other_lectures, created_at) VALUES (3, "Reverse Engineering and CAQ", 5, 6, 20, 20, 0, 0, 0, NOW());

INSERT INTO subject (year_of_study_id, name, semester, espb, number_of_lectures, number_of_practical_lectures, other_forms_of_lectures, research_works, other_lectures, created_at) VALUES (3, "Virtual Product Designing", 5, 6, 20, 20, 0, 0, 0, NOW());

INSERT INTO subject (year_of_study_id, name, semester, espb, number_of_lectures, number_of_practical_lectures, other_forms_of_lectures, research_works, other_lectures, created_at) VALUES (3, "Virtual Production in Technologies of Plastic Deforming", 5, 6, 20, 20, 0, 0, 0, NOW());


# Computer Science years
INSERT INTO year_of_study (id, year, ordinal_number, study_program_id, created_at) VALUES (4,'2020-11-01', 1, 3, NOW());
INSERT INTO year_of_study (id, year, ordinal_number, study_program_id, created_at) VALUES (5,'2021-11-01', 2, 3, NOW());
INSERT INTO year_of_study (id, year, ordinal_number, study_program_id, created_at) VALUES (6,'2022-11-01', 3, 3, NOW());
INSERT INTO year_of_study (id, year, ordinal_number, study_program_id, created_at) VALUES (7,'2023-11-01', 4, 3, NOW());

# Subjects/Courses

# FIRST YEAR
# 1st semester
INSERT INTO subject (year_of_study_id, name, semester, espb, number_of_lectures, number_of_practical_lectures, other_forms_of_lectures, research_works, other_lectures, created_at) VALUES (4, "Great Ideas in Computer Science", 1, 7, 20, 20, 0, 0, 0, NOW());

INSERT INTO subject (year_of_study_id, name, semester, espb, number_of_lectures, number_of_practical_lectures, other_forms_of_lectures, research_works, other_lectures, created_at) VALUES (4, "Elements of Data Science", 1, 5, 20, 20, 0, 0, 0, NOW());

INSERT INTO subject (year_of_study_id, name, semester, espb, number_of_lectures, number_of_practical_lectures, other_forms_of_lectures, research_works, other_lectures, created_at) VALUES (4, "Discrete Mathematics for Computer Science", 1, 5, 20, 20, 0, 0, 0, NOW());

INSERT INTO subject (year_of_study_id, name, semester, espb, number_of_lectures, number_of_practical_lectures, other_forms_of_lectures, research_works, other_lectures, created_at) VALUES (4, "Introduction to Computer Science", 1, 7, 20, 20, 0, 0, 0, NOW());

# 2nd semester
INSERT INTO subject (year_of_study_id, name, semester, espb, number_of_lectures, number_of_practical_lectures, other_forms_of_lectures, research_works, other_lectures, created_at) VALUES (4, "Abstraction and Design in Computation", 2, 6, 20, 20, 0, 0, 0, NOW());

INSERT INTO subject (year_of_study_id, name, semester, espb, number_of_lectures, number_of_practical_lectures, other_forms_of_lectures, research_works, other_lectures, created_at) VALUES (4, "Systems Programming and Machine Organization", 2, 6, 20, 20, 0, 0, 0, NOW());

INSERT INTO subject (year_of_study_id, name, semester, espb, number_of_lectures, number_of_practical_lectures, other_forms_of_lectures, research_works, other_lectures, created_at) VALUES (4, "Privacy and Technology", 2, 6, 20, 20, 0, 0, 0, NOW());

INSERT INTO subject (year_of_study_id, name, semester, espb, number_of_lectures, number_of_practical_lectures, other_forms_of_lectures, research_works, other_lectures, created_at) VALUES (4, "Data Science 1: Introduction to Data Science", 2, 5, 20, 20, 0, 0, 0, NOW());

# SECOND YEAR
# 3rd semester
INSERT INTO subject (year_of_study_id, name, semester, espb, number_of_lectures, number_of_practical_lectures, other_forms_of_lectures, research_works, other_lectures, created_at) VALUES (5, "Data Science 2: Advanced Topics in Data Science", 3, 6, 20, 20, 0, 0, 0, NOW());

INSERT INTO subject (year_of_study_id, name, semester, espb, number_of_lectures, number_of_practical_lectures, other_forms_of_lectures, research_works, other_lectures, created_at) VALUES (5, "Data Structures and Algorithms", 3, 4, 20, 20, 0, 0, 0, NOW());

INSERT INTO subject (year_of_study_id, name, semester, espb, number_of_lectures, number_of_practical_lectures, other_forms_of_lectures, research_works, other_lectures, created_at) VALUES (5, "Computing Hardware", 3, 6, 20, 20, 0, 0, 0, NOW());

INSERT INTO subject (year_of_study_id, name, semester, espb, number_of_lectures, number_of_practical_lectures, other_forms_of_lectures, research_works, other_lectures, created_at) VALUES (5, "Computer Networks", 3, 5, 20, 20, 0, 0, 0, NOW());

# 4th semester
INSERT INTO subject (year_of_study_id, name, semester, espb, number_of_lectures, number_of_practical_lectures, other_forms_of_lectures, research_works, other_lectures, created_at) VALUES (5, "Programming Languages", 4, 8, 20, 20, 0, 0, 0, NOW());

INSERT INTO subject (year_of_study_id, name, semester, espb, number_of_lectures, number_of_practical_lectures, other_forms_of_lectures, research_works, other_lectures, created_at) VALUES (5, "Computer Graphics", 4, 5, 20, 20, 0, 0, 0, NOW());

INSERT INTO subject (year_of_study_id, name, semester, espb, number_of_lectures, number_of_practical_lectures, other_forms_of_lectures, research_works, other_lectures, created_at) VALUES (5, "Machine Learning", 4, 5, 20, 20, 0, 0, 0, NOW());

INSERT INTO subject (year_of_study_id, name, semester, espb, number_of_lectures, number_of_practical_lectures, other_forms_of_lectures, research_works, other_lectures, created_at) VALUES (5, "Artificial Intelligence", 4, 6, 20, 20, 0, 0, 0, NOW());

# THIRD YEAR
# 5th semester
INSERT INTO subject (year_of_study_id, name, semester, espb, number_of_lectures, number_of_practical_lectures, other_forms_of_lectures, research_works, other_lectures, created_at) VALUES (6, "Operating Systems", 5, 6, 20, 20, 0, 0, 0, NOW());

INSERT INTO subject (year_of_study_id, name, semester, espb, number_of_lectures, number_of_practical_lectures, other_forms_of_lectures, research_works, other_lectures, created_at) VALUES (6, "Computing at Scale", 5, 6, 20, 20, 0, 0, 0, NOW());

INSERT INTO subject (year_of_study_id, name, semester, espb, number_of_lectures, number_of_practical_lectures, other_forms_of_lectures, research_works, other_lectures, created_at) VALUES (6, "Advanced Topics in Programming Languages", 5, 6, 20, 20, 0, 0, 0, NOW());

INSERT INTO subject (year_of_study_id, name, semester, espb, number_of_lectures, number_of_practical_lectures, other_forms_of_lectures, research_works, other_lectures, created_at) VALUES (6, "Computational Complexity", 5, 6, 20, 20, 0, 0, 0, NOW());

# 6th semester
INSERT INTO subject (year_of_study_id, name, semester, espb, number_of_lectures, number_of_practical_lectures, other_forms_of_lectures, research_works, other_lectures, created_at) VALUES (6, "Algorithms at the Ends of the Wire", 6, 6, 20, 20, 0, 0, 0, NOW());

INSERT INTO subject (year_of_study_id, name, semester, espb, number_of_lectures, number_of_practical_lectures, other_forms_of_lectures, research_works, other_lectures, created_at) VALUES (6, "Computing Foundations for Computational Science", 6, 6, 20, 20, 0, 0, 0, NOW());

INSERT INTO subject (year_of_study_id, name, semester, espb, number_of_lectures, number_of_practical_lectures, other_forms_of_lectures, research_works, other_lectures, created_at) VALUES (6, "Topics on Computation in Networks and Crowds", 6, 6, 20, 20, 0, 0, 0, NOW());

INSERT INTO subject (year_of_study_id, name, semester, espb, number_of_lectures, number_of_practical_lectures, other_forms_of_lectures, research_works, other_lectures, created_at) VALUES (6, "Programming Languages", 6, 6, 20, 20, 0, 0, 0, NOW());

# FOURTH YEAR
# 7th semester

INSERT INTO subject (year_of_study_id, name, semester, espb, number_of_lectures, number_of_practical_lectures, other_forms_of_lectures, research_works, other_lectures, created_at) VALUES (7, "Distributed systems", 7, 6, 20, 20, 0, 0, 0, NOW());

INSERT INTO subject (year_of_study_id, name, semester, espb, number_of_lectures, number_of_practical_lectures, other_forms_of_lectures, research_works, other_lectures, created_at) VALUES (7, "Cloud computing", 7, 5, 20, 20, 0, 0, 0, NOW());

INSERT INTO subject (year_of_study_id, name, semester, espb, number_of_lectures, number_of_practical_lectures, other_forms_of_lectures, research_works, other_lectures, created_at) VALUES (7, "Internet technology and web services", 7, 4, 20, 20, 0, 0, 0, NOW());

INSERT INTO subject (year_of_study_id, name, semester, espb, number_of_lectures, number_of_practical_lectures, other_forms_of_lectures, research_works, other_lectures, created_at) VALUES (7, "Programming Languages 2", 7, 8, 20, 20, 0, 0, 0, NOW());

# 8th semester

INSERT INTO subject (year_of_study_id, name, semester, espb, number_of_lectures, number_of_practical_lectures, other_forms_of_lectures, research_works, other_lectures, created_at) VALUES (7, "Project management", 8, 4, 20, 20, 0, 0, 0, NOW());

INSERT INTO subject (year_of_study_id, name, semester, espb, number_of_lectures, number_of_practical_lectures, other_forms_of_lectures, research_works, other_lectures, created_at) VALUES (7, "Topics in Theoretical Computer Science: Biology and Complexity", 8, 6, 20, 20, 0, 0, 0, NOW());

INSERT INTO subject (year_of_study_id, name, semester, espb, number_of_lectures, number_of_practical_lectures, other_forms_of_lectures, research_works, other_lectures, created_at) VALUES (7, "Software testing and quality insurance", 8, 6, 20, 20, 0, 0, 0, NOW());

INSERT INTO subject (year_of_study_id, name, semester, espb, number_of_lectures, number_of_practical_lectures, other_forms_of_lectures, research_works, other_lectures, created_at) VALUES (7, "Advanced Topics in Programming Languages", 8, 6, 20, 20, 0, 0, 0, NOW());

#Biomedical Engineering
INSERT INTO year_of_study (id, year, ordinal_number, study_program_id, created_at) VALUES (8,'2020-11-01', 1, 4, NOW());
INSERT INTO year_of_study (id, year, ordinal_number, study_program_id, created_at) VALUES (9,'2021-11-01', 2, 4, NOW());
INSERT INTO year_of_study (id, year, ordinal_number, study_program_id, created_at) VALUES (10,'2022-11-01', 3, 4, NOW());
INSERT INTO year_of_study (id, year, ordinal_number, study_program_id, created_at) VALUES (11,'2023-11-01', 4, 4, NOW());

# Subjects/Courses

# FIRST YEAR
# 1st semester
INSERT INTO subject (year_of_study_id, name, semester, espb, number_of_lectures, number_of_practical_lectures, other_forms_of_lectures, research_works, other_lectures, created_at) VALUES (8, "Physics", 1, 8, 20, 20, 0, 0, 0, NOW());

INSERT INTO subject (year_of_study_id, name, semester, espb, number_of_lectures, number_of_practical_lectures, other_forms_of_lectures, research_works, other_lectures, created_at) VALUES (8, "Fundamentals of electrical engineering", 1, 6, 20, 20, 0, 0, 0, NOW());

INSERT INTO subject (year_of_study_id, name, semester, espb, number_of_lectures, number_of_practical_lectures, other_forms_of_lectures, research_works, other_lectures, created_at) VALUES (8, "Basics of computing", 1, 8, 20, 20, 0, 0, 0, NOW());

INSERT INTO subject (year_of_study_id, name, semester, espb, number_of_lectures, number_of_practical_lectures, other_forms_of_lectures, research_works, other_lectures, created_at) VALUES (8, "Mechanics", 1, 8, 20, 20, 0, 0, 0, NOW());

# 2nd semester
INSERT INTO subject (year_of_study_id, name, semester, espb, number_of_lectures, number_of_practical_lectures, other_forms_of_lectures, research_works, other_lectures, created_at) VALUES (8, "Fundamentals of electronics", 2, 5, 20, 20, 0, 0, 0, NOW());

INSERT INTO subject (year_of_study_id, name, semester, espb, number_of_lectures, number_of_practical_lectures, other_forms_of_lectures, research_works, other_lectures, created_at) VALUES (8, "Fundamentals of Anatomy for Engineers", 2, 5, 20, 20, 0, 0, 0, NOW());

INSERT INTO subject (year_of_study_id, name, semester, espb, number_of_lectures, number_of_practical_lectures, other_forms_of_lectures, research_works, other_lectures, created_at) VALUES (8, "Introduction to medical informatics", 2, 5, 20, 20, 0, 0, 0, NOW());

INSERT INTO subject (year_of_study_id, name, semester, espb, number_of_lectures, number_of_practical_lectures, other_forms_of_lectures, research_works, other_lectures, created_at) VALUES (8, "Communication systems", 2, 5, 20, 20, 0, 0, 0, NOW());

# SECOND YEAR
# 3rd semester
INSERT INTO subject (year_of_study_id, name, semester, espb, number_of_lectures, number_of_practical_lectures, other_forms_of_lectures, research_works, other_lectures, created_at) VALUES (9, "Microprocessor systems in medicine", 3, 5, 20, 20, 0, 0, 0, NOW());

INSERT INTO subject (year_of_study_id, name, semester, espb, number_of_lectures, number_of_practical_lectures, other_forms_of_lectures, research_works, other_lectures, created_at) VALUES (9, "Electrical and electronic measurements", 3, 5, 20, 20, 0, 0, 0, NOW());

INSERT INTO subject (year_of_study_id, name, semester, espb, number_of_lectures, number_of_practical_lectures, other_forms_of_lectures, research_works, other_lectures, created_at) VALUES (9, "Fundamentals of biomedical engineering", 3, 6, 20, 20, 0, 0, 0, NOW());

INSERT INTO subject (year_of_study_id, name, semester, espb, number_of_lectures, number_of_practical_lectures, other_forms_of_lectures, research_works, other_lectures, created_at) VALUES (9, "Statistical bases, processing and modeling of biomedical signals", 3, 5, 20, 20, 0, 0, 0, NOW());

# 4th semester
INSERT INTO subject (year_of_study_id, name, semester, espb, number_of_lectures, number_of_practical_lectures, other_forms_of_lectures, research_works, other_lectures, created_at) VALUES (9, "Biological systems and management", 4, 6, 20, 20, 0, 0, 0, NOW());

INSERT INTO subject (year_of_study_id, name, semester, espb, number_of_lectures, number_of_practical_lectures, other_forms_of_lectures, research_works, other_lectures, created_at) VALUES (9, "System modeling and simulation", 4, 6, 20, 20, 0, 0, 0, NOW());

INSERT INTO subject (year_of_study_id, name, semester, espb, number_of_lectures, number_of_practical_lectures, other_forms_of_lectures, research_works, other_lectures, created_at) VALUES (9, "Biomechanics", 4, 8, 20, 20, 0, 0, 0, NOW());

INSERT INTO subject (year_of_study_id, name, semester, espb, number_of_lectures, number_of_practical_lectures, other_forms_of_lectures, research_works, other_lectures, created_at) VALUES (9, "Rehabilitation devices and systems", 4, 6, 20, 20, 0, 0, 0, NOW());

# THIRD YEAR
# 5th semester
INSERT INTO subject (year_of_study_id, name, semester, espb, number_of_lectures, number_of_practical_lectures, other_forms_of_lectures, research_works, other_lectures, created_at) VALUES (10, "Application of radio and microwaves in medicine", 5, 6, 20, 20, 0, 0, 0, NOW());

INSERT INTO subject (year_of_study_id, name, semester, espb, number_of_lectures, number_of_practical_lectures, other_forms_of_lectures, research_works, other_lectures, created_at) VALUES (10, "Neurophysiology and medical rehabilitation", 5, 6, 20, 20, 0, 0, 0, NOW());

INSERT INTO subject (year_of_study_id, name, semester, espb, number_of_lectures, number_of_practical_lectures, other_forms_of_lectures, research_works, other_lectures, created_at) VALUES (10, "Analysis and processing of biomedical signals", 5, 6, 20, 20, 0, 0, 0, NOW());

INSERT INTO subject (year_of_study_id, name, semester, espb, number_of_lectures, number_of_practical_lectures, other_forms_of_lectures, research_works, other_lectures, created_at) VALUES (10, "Elective position 1", 5, 6, 20, 20, 0, 0, 0, NOW());

# 6th semester
INSERT INTO subject (year_of_study_id, name, semester, espb, number_of_lectures, number_of_practical_lectures, other_forms_of_lectures, research_works, other_lectures, created_at) VALUES (10, "Biomedical engineering in sports physiology", 6, 6, 20, 20, 0, 0, 0, NOW());

INSERT INTO subject (year_of_study_id, name, semester, espb, number_of_lectures, number_of_practical_lectures, other_forms_of_lectures, research_works, other_lectures, created_at) VALUES (10, "Neuroengineering", 6, 6, 20, 20, 0, 0, 0, NOW());

INSERT INTO subject (year_of_study_id, name, semester, espb, number_of_lectures, number_of_practical_lectures, other_forms_of_lectures, research_works, other_lectures, created_at) VALUES (10, "Biomechanics of continuous media", 6, 5, 20, 20, 0, 0, 0, NOW());

INSERT INTO subject (year_of_study_id, name, semester, espb, number_of_lectures, number_of_practical_lectures, other_forms_of_lectures, research_works, other_lectures, created_at) VALUES (10, "Sensors and actuators in medicine", 6, 5, 20, 20, 0, 0, 0, NOW());

# FOURTH YEAR
# 7th semester

INSERT INTO subject (year_of_study_id, name, semester, espb, number_of_lectures, number_of_practical_lectures, other_forms_of_lectures, research_works, other_lectures, created_at) VALUES (11, "Basics of neural dentures", 7, 5, 20, 20, 0, 0, 0, NOW());

INSERT INTO subject (year_of_study_id, name, semester, espb, number_of_lectures, number_of_practical_lectures, other_forms_of_lectures, research_works, other_lectures, created_at) VALUES (11, "Shape recognition", 7, 5, 20, 20, 0, 0, 0, NOW());

INSERT INTO subject (year_of_study_id, name, semester, espb, number_of_lectures, number_of_practical_lectures, other_forms_of_lectures, research_works, other_lectures, created_at) VALUES (11, "Elective position 5", 7, 5, 20, 20, 0, 0, 0, NOW());

INSERT INTO subject (year_of_study_id, name, semester, espb, number_of_lectures, number_of_practical_lectures, other_forms_of_lectures, research_works, other_lectures, created_at) VALUES (11, "Elective position 6", 7, 5, 20, 20, 0, 0, 0, NOW());

# 8th semester

INSERT INTO subject (year_of_study_id, name, semester, espb, number_of_lectures, number_of_practical_lectures, other_forms_of_lectures, research_works, other_lectures, created_at) VALUES (11, "Equipment and systems to help the elderly, the sick and the disabled", 8, 6, 20, 20, 0, 0, 0, NOW());

INSERT INTO subject (year_of_study_id, name, semester, espb, number_of_lectures, number_of_practical_lectures, other_forms_of_lectures, research_works, other_lectures, created_at) VALUES (11, "Image processing in medicine", 8, 5, 20, 20, 0, 0, 0, NOW());

INSERT INTO subject (year_of_study_id, name, semester, espb, number_of_lectures, number_of_practical_lectures, other_forms_of_lectures, research_works, other_lectures, created_at) VALUES (11, "Neurorehabilitation", 8, 5, 20, 20, 0, 0, 0, NOW());

INSERT INTO subject (year_of_study_id, name, semester, espb, number_of_lectures, number_of_practical_lectures, other_forms_of_lectures, research_works, other_lectures, created_at) VALUES (11, "Biomedical engineering in cognitive neuroscience", 8, 6, 20, 20, 0, 0, 0, NOW());

#Mechatronics
INSERT INTO year_of_study (id, year, ordinal_number, study_program_id, created_at) VALUES (12,'2020-11-01', 1, 5, NOW());
INSERT INTO year_of_study (id, year, ordinal_number, study_program_id, created_at) VALUES (13,'2021-11-01', 2, 5, NOW());
INSERT INTO year_of_study (id, year, ordinal_number, study_program_id, created_at) VALUES (14,'2022-11-01', 3, 5, NOW());
INSERT INTO year_of_study (id, year, ordinal_number, study_program_id, created_at) VALUES (15,'2023-11-01', 4, 5, NOW());

# Subjects/Courses

# FIRST YEAR
# 1st semester
INSERT INTO subject (year_of_study_id, name, semester, espb, number_of_lectures, number_of_practical_lectures, other_forms_of_lectures, research_works, other_lectures, created_at) VALUES (12, "Physics", 1, 5, 20, 20, 0, 0, 0, NOW());

INSERT INTO subject (year_of_study_id, name, semester, espb, number_of_lectures, number_of_practical_lectures, other_forms_of_lectures, research_works, other_lectures, created_at) VALUES (12, "Fundamentals of product development", 1, 6, 20, 20, 0, 0, 0, NOW());

INSERT INTO subject (year_of_study_id, name, semester, espb, number_of_lectures, number_of_practical_lectures, other_forms_of_lectures, research_works, other_lectures, created_at) VALUES (12, "Mathematics 1", 1, 5, 20, 20, 0, 0, 0, NOW());

INSERT INTO subject (year_of_study_id, name, semester, espb, number_of_lectures, number_of_practical_lectures, other_forms_of_lectures, research_works, other_lectures, created_at) VALUES (12, "Fundamentals of Electrical Engineering 1", 1, 4, 20, 20, 0, 0, 0, NOW());

# 2nd semester
INSERT INTO subject (year_of_study_id, name, semester, espb, number_of_lectures, number_of_practical_lectures, other_forms_of_lectures, research_works, other_lectures, created_at) VALUES (12, "Mathematics 2", 2, 5, 20, 20, 0, 0, 0, NOW());

INSERT INTO subject (year_of_study_id, name, semester, espb, number_of_lectures, number_of_practical_lectures, other_forms_of_lectures, research_works, other_lectures, created_at) VALUES (12, "Fundamentals of Electrical Engineering 2", 2, 5, 20, 20, 0, 0, 0, NOW());

INSERT INTO subject (year_of_study_id, name, semester, espb, number_of_lectures, number_of_practical_lectures, other_forms_of_lectures, research_works, other_lectures, created_at) VALUES (12, "Basics of programming", 2, 6, 20, 20, 0, 0, 0, NOW());

INSERT INTO subject (year_of_study_id, name, semester, espb, number_of_lectures, number_of_practical_lectures, other_forms_of_lectures, research_works, other_lectures, created_at) VALUES (12, "Materials in electrical engineering", 2, 5, 20, 20, 0, 0, 0, NOW());

# SECOND YEAR
# 3rd semester
INSERT INTO subject (year_of_study_id, name, semester, espb, number_of_lectures, number_of_practical_lectures, other_forms_of_lectures, research_works, other_lectures, created_at) VALUES (13, "Mechanics 2 - general", 3, 6, 20, 20, 0, 0, 0, NOW());

INSERT INTO subject (year_of_study_id, name, semester, espb, number_of_lectures, number_of_practical_lectures, other_forms_of_lectures, research_works, other_lectures, created_at) VALUES (13, "Resistance of materials", 3, 6, 20, 20, 0, 0, 0, NOW());

INSERT INTO subject (year_of_study_id, name, semester, espb, number_of_lectures, number_of_practical_lectures, other_forms_of_lectures, research_works, other_lectures, created_at) VALUES (13, "Mathematics 3", 3, 7, 20, 20, 0, 0, 0, NOW());

INSERT INTO subject (year_of_study_id, name, semester, espb, number_of_lectures, number_of_practical_lectures, other_forms_of_lectures, research_works, other_lectures, created_at) VALUES (13, "Machine elements 1", 3, 5, 20, 20, 0, 0, 0, NOW());

# 4th semester
INSERT INTO subject (year_of_study_id, name, semester, espb, number_of_lectures, number_of_practical_lectures, other_forms_of_lectures, research_works, other_lectures, created_at) VALUES (13, "Programming and programming languages", 4, 5, 20, 20, 0, 0, 0, NOW());

INSERT INTO subject (year_of_study_id, name, semester, espb, number_of_lectures, number_of_practical_lectures, other_forms_of_lectures, research_works, other_lectures, created_at) VALUES (13, "Machine elements 2", 4, 6, 20, 20, 0, 0, 0, NOW());

INSERT INTO subject (year_of_study_id, name, semester, espb, number_of_lectures, number_of_practical_lectures, other_forms_of_lectures, research_works, other_lectures, created_at) VALUES (13, "Digital electronics", 4, 5, 20, 20, 0, 0, 0, NOW());

INSERT INTO subject (year_of_study_id, name, semester, espb, number_of_lectures, number_of_practical_lectures, other_forms_of_lectures, research_works, other_lectures, created_at) VALUES (13, "Measurements in technique", 4, 5, 20, 20, 0, 0, 0, NOW());

# THIRD YEAR
# 5th semester
INSERT INTO subject (year_of_study_id, name, semester, espb, number_of_lectures, number_of_practical_lectures, other_forms_of_lectures, research_works, other_lectures, created_at) VALUES (14, "System modeling and simulation 1", 5, 7, 20, 20, 0, 0, 0, NOW());

INSERT INTO subject (year_of_study_id, name, semester, espb, number_of_lectures, number_of_practical_lectures, other_forms_of_lectures, research_works, other_lectures, created_at) VALUES (14, "Automatic control 2", 5, 5, 20, 20, 0, 0, 0, NOW());

INSERT INTO subject (year_of_study_id, name, semester, espb, number_of_lectures, number_of_practical_lectures, other_forms_of_lectures, research_works, other_lectures, created_at) VALUES (14, "Analog electronics", 5, 4, 20, 20, 0, 0, 0, NOW());

INSERT INTO subject (year_of_study_id, name, semester, espb, number_of_lectures, number_of_practical_lectures, other_forms_of_lectures, research_works, other_lectures, created_at) VALUES (14, "Machine mechanics", 5, 6, 20, 20, 0, 0, 0, NOW());

# 6th semester
INSERT INTO subject (year_of_study_id, name, semester, espb, number_of_lectures, number_of_practical_lectures, other_forms_of_lectures, research_works, other_lectures, created_at) VALUES (14, "Industrial robotics", 6, 6, 20, 20, 0, 0, 0, NOW());

INSERT INTO subject (year_of_study_id, name, semester, espb, number_of_lectures, number_of_practical_lectures, other_forms_of_lectures, research_works, other_lectures, created_at) VALUES (14, "Components of technological systems", 6, 7, 20, 20, 0, 0, 0, NOW());

INSERT INTO subject (year_of_study_id, name, semester, espb, number_of_lectures, number_of_practical_lectures, other_forms_of_lectures, research_works, other_lectures, created_at) VALUES (14, "Application of sensors and actuators", 6, 5, 20, 20, 0, 0, 0, NOW());

INSERT INTO subject (year_of_study_id, name, semester, espb, number_of_lectures, number_of_practical_lectures, other_forms_of_lectures, research_works, other_lectures, created_at) VALUES (14, "Elective course 3 MECHATRONICS basic", 6, 7, 20, 20, 0, 0, 0, NOW());

# FOURTH YEAR
# 7th semester

INSERT INTO subject (year_of_study_id, name, semester, espb, number_of_lectures, number_of_practical_lectures, other_forms_of_lectures, research_works, other_lectures, created_at) VALUES (15, "Programming and application of programmable logic controllers", 7, 5, 20, 20, 0, 0, 0, NOW());

INSERT INTO subject (year_of_study_id, name, semester, espb, number_of_lectures, number_of_practical_lectures, other_forms_of_lectures, research_works, other_lectures, created_at) VALUES (15, "Professional practice - basic academic studies", 7, 5, 20, 20, 0, 0, 0, NOW());

INSERT INTO subject (year_of_study_id, name, semester, espb, number_of_lectures, number_of_practical_lectures, other_forms_of_lectures, research_works, other_lectures, created_at) VALUES (15, "Mechatronics", 7, 5, 20, 20, 0, 0, 0, NOW());

INSERT INTO subject (year_of_study_id, name, semester, espb, number_of_lectures, number_of_practical_lectures, other_forms_of_lectures, research_works, other_lectures, created_at) VALUES (15, "Graphic communications and CAD", 7, 5, 20, 20, 0, 0, 0, NOW());

# 8th semester

INSERT INTO subject (year_of_study_id, name, semester, espb, number_of_lectures, number_of_practical_lectures, other_forms_of_lectures, research_works, other_lectures, created_at) VALUES (15, "Work process automation", 8, 6, 20, 20, 0, 0, 0, NOW());

INSERT INTO subject (year_of_study_id, name, semester, espb, number_of_lectures, number_of_practical_lectures, other_forms_of_lectures, research_works, other_lectures, created_at) VALUES (15, "SUS engine mechatronics", 8, 5, 20, 20, 0, 0, 0, NOW());

INSERT INTO subject (year_of_study_id, name, semester, espb, number_of_lectures, number_of_practical_lectures, other_forms_of_lectures, research_works, other_lectures, created_at) VALUES (15, "Computer integration of production systems", 8, 5, 20, 20, 0, 0, 0, NOW());

INSERT INTO subject (year_of_study_id, name, semester, espb, number_of_lectures, number_of_practical_lectures, other_forms_of_lectures, research_works, other_lectures, created_at) VALUES (15, "Final - graduate thesis", 8, 6, 20, 20, 0, 0, 0, NOW());


#Industrial Engineering
INSERT INTO year_of_study (id, year, ordinal_number, study_program_id, created_at) VALUES (16,'2020-11-01', 1, 6, NOW());
INSERT INTO year_of_study (id, year, ordinal_number, study_program_id, created_at) VALUES (17,'2021-11-01', 2, 6, NOW());
INSERT INTO year_of_study (id, year, ordinal_number, study_program_id, created_at) VALUES (18,'2022-11-01', 3, 6, NOW());
INSERT INTO year_of_study (id, year, ordinal_number, study_program_id, created_at) VALUES (19,'2023-11-01', 4, 6, NOW());

# Subjects/Courses

# FIRST YEAR
# 1st semester
INSERT INTO subject (year_of_study_id, name, semester, espb, number_of_lectures, number_of_practical_lectures, other_forms_of_lectures, research_works, other_lectures, created_at) VALUES (16, "Fundamentals of industrial engineering and management", 1, 7, 20, 20, 0, 0, 0, NOW());

INSERT INTO subject (year_of_study_id, name, semester, espb, number_of_lectures, number_of_practical_lectures, other_forms_of_lectures, research_works, other_lectures, created_at) VALUES (16, "Mathematics 1", 1, 5, 20, 20, 0, 0, 0, NOW());

INSERT INTO subject (year_of_study_id, name, semester, espb, number_of_lectures, number_of_practical_lectures, other_forms_of_lectures, research_works, other_lectures, created_at) VALUES (16, "Sociology of work", 1, 6, 20, 20, 0, 0, 0, NOW());

INSERT INTO subject (year_of_study_id, name, semester, espb, number_of_lectures, number_of_practical_lectures, other_forms_of_lectures, research_works, other_lectures, created_at) VALUES (16, "Materials in engineering", 1, 5, 20, 20, 0, 0, 0, NOW());

# 2nd semester
INSERT INTO subject (year_of_study_id, name, semester, espb, number_of_lectures, number_of_practical_lectures, other_forms_of_lectures, research_works, other_lectures, created_at) VALUES (16, "Mathematics 2", 2, 7, 20, 20, 0, 0, 0, NOW());

INSERT INTO subject (year_of_study_id, name, semester, espb, number_of_lectures, number_of_practical_lectures, other_forms_of_lectures, research_works, other_lectures, created_at) VALUES (16, "Processes and means of work", 2, 4, 20, 20, 0, 0, 0, NOW());

INSERT INTO subject (year_of_study_id, name, semester, espb, number_of_lectures, number_of_practical_lectures, other_forms_of_lectures, research_works, other_lectures, created_at) VALUES (16, "Product development and design", 2, 6, 20, 20, 0, 0, 0, NOW());

INSERT INTO subject (year_of_study_id, name, semester, espb, number_of_lectures, number_of_practical_lectures, other_forms_of_lectures, research_works, other_lectures, created_at) VALUES (16, "Mechanics in Industrial Engineering", 2, 5, 20, 20, 0, 0, 0, NOW());

# SECOND YEAR
# 3rd semester
INSERT INTO subject (year_of_study_id, name, semester, espb, number_of_lectures, number_of_practical_lectures, other_forms_of_lectures, research_works, other_lectures, created_at) VALUES (17, "Management of technical systems", 3, 5, 20, 20, 0, 0, 0, NOW());

INSERT INTO subject (year_of_study_id, name, semester, espb, number_of_lectures, number_of_practical_lectures, other_forms_of_lectures, research_works, other_lectures, created_at) VALUES (17, "Probability theory and statistics", 3, 6, 20, 20, 0, 0, 0, NOW());

INSERT INTO subject (year_of_study_id, name, semester, espb, number_of_lectures, number_of_practical_lectures, other_forms_of_lectures, research_works, other_lectures, created_at) VALUES (17, "Computer Aided Product Design (CAD / CAE)", 3, 7, 20, 20, 0, 0, 0, NOW());

INSERT INTO subject (year_of_study_id, name, semester, espb, number_of_lectures, number_of_practical_lectures, other_forms_of_lectures, research_works, other_lectures, created_at) VALUES (17, "Product processing technologies", 3, 4, 20, 20, 0, 0, 0, NOW());

# 4th semester
INSERT INTO subject (year_of_study_id, name, semester, espb, number_of_lectures, number_of_practical_lectures, other_forms_of_lectures, research_works, other_lectures, created_at) VALUES (17, "Work study and ergonomics", 4, 6, 20, 20, 0, 0, 0, NOW());

INSERT INTO subject (year_of_study_id, name, semester, espb, number_of_lectures, number_of_practical_lectures, other_forms_of_lectures, research_works, other_lectures, created_at) VALUES (17, "Design of work procedures (CAPP, CAM)", 4, 4, 20, 20, 0, 0, 0, NOW());

INSERT INTO subject (year_of_study_id, name, semester, espb, number_of_lectures, number_of_practical_lectures, other_forms_of_lectures, research_works, other_lectures, created_at) VALUES (17, "Integral system support - logistics", 4, 7, 20, 20, 0, 0, 0, NOW());

INSERT INTO subject (year_of_study_id, name, semester, espb, number_of_lectures, number_of_practical_lectures, other_forms_of_lectures, research_works, other_lectures, created_at) VALUES (17, "Automatic identification systems", 4, 6, 20, 20, 0, 0, 0, NOW());

# THIRD YEAR
# 5th semester
INSERT INTO subject (year_of_study_id, name, semester, espb, number_of_lectures, number_of_practical_lectures, other_forms_of_lectures, research_works, other_lectures, created_at) VALUES (18, "Assembly technologies", 5, 5, 20, 20, 0, 0, 0, NOW());

INSERT INTO subject (year_of_study_id, name, semester, espb, number_of_lectures, number_of_practical_lectures, other_forms_of_lectures, research_works, other_lectures, created_at) VALUES (18, "Material handling technologies", 5, 5, 20, 20, 0, 0, 0, NOW());

INSERT INTO subject (year_of_study_id, name, semester, espb, number_of_lectures, number_of_practical_lectures, other_forms_of_lectures, research_works, other_lectures, created_at) VALUES (18, "Product measurement and control technologies", 5, 5, 20, 20, 0, 0, 0, NOW());

INSERT INTO subject (year_of_study_id, name, semester, espb, number_of_lectures, number_of_practical_lectures, other_forms_of_lectures, research_works, other_lectures, created_at) VALUES (18, "Reliability of technical systems and maintenance", 5, 6, 20, 20, 0, 0, 0, NOW());

# 6th semester
INSERT INTO subject (year_of_study_id, name, semester, espb, number_of_lectures, number_of_practical_lectures, other_forms_of_lectures, research_works, other_lectures, created_at) VALUES (18, "Design of production systems", 6, 6, 20, 20, 0, 0, 0, NOW());

INSERT INTO subject (year_of_study_id, name, semester, espb, number_of_lectures, number_of_practical_lectures, other_forms_of_lectures, research_works, other_lectures, created_at) VALUES (18, "Information systems design", 6, 7, 20, 20, 0, 0, 0, NOW());

INSERT INTO subject (year_of_study_id, name, semester, espb, number_of_lectures, number_of_practical_lectures, other_forms_of_lectures, research_works, other_lectures, created_at) VALUES (18, "Organization of the company", 6, 5, 20, 20, 0, 0, 0, NOW());

INSERT INTO subject (year_of_study_id, name, semester, espb, number_of_lectures, number_of_practical_lectures, other_forms_of_lectures, research_works, other_lectures, created_at) VALUES (18, "Quality management system", 6, 7, 20, 20, 0, 0, 0, NOW());

# FOURTH YEAR
# 7th semester

INSERT INTO subject (year_of_study_id, name, semester, espb, number_of_lectures, number_of_practical_lectures, other_forms_of_lectures, research_works, other_lectures, created_at) VALUES (19, "Work process management", 7, 4, 20, 20, 0, 0, 0, NOW());

INSERT INTO subject (year_of_study_id, name, semester, espb, number_of_lectures, number_of_practical_lectures, other_forms_of_lectures, research_works, other_lectures, created_at) VALUES (19, "Design, verification and analysis of environmental management systems", 7, 6, 20, 20, 0, 0, 0, NOW());

INSERT INTO subject (year_of_study_id, name, semester, espb, number_of_lectures, number_of_practical_lectures, other_forms_of_lectures, research_works, other_lectures, created_at) VALUES (19, "Service engineering", 7, 7, 20, 20, 0, 0, 0, NOW());

INSERT INTO subject (year_of_study_id, name, semester, espb, number_of_lectures, number_of_practical_lectures, other_forms_of_lectures, research_works, other_lectures, created_at) VALUES (19, "Work process simulation", 7, 4, 20, 20, 0, 0, 0, NOW());

# 8th semester

INSERT INTO subject (year_of_study_id, name, semester, espb, number_of_lectures, number_of_practical_lectures, other_forms_of_lectures, research_works, other_lectures, created_at) VALUES (19, "Computer integration of production systems", 8, 6, 20, 20, 0, 0, 0, NOW());

INSERT INTO subject (year_of_study_id, name, semester, espb, number_of_lectures, number_of_practical_lectures, other_forms_of_lectures, research_works, other_lectures, created_at) VALUES (19, "Entrepreneurship and innovation", 8, 5, 20, 20, 0, 0, 0, NOW());

INSERT INTO subject (year_of_study_id, name, semester, espb, number_of_lectures, number_of_practical_lectures, other_forms_of_lectures, research_works, other_lectures, created_at) VALUES (19, "Automation of continuous processes", 8, 5, 20, 20, 0, 0, 0, NOW());

INSERT INTO subject (year_of_study_id, name, semester, espb, number_of_lectures, number_of_practical_lectures, other_forms_of_lectures, research_works, other_lectures, created_at) VALUES (19, "Database systems", 8, 6, 20, 20, 0, 0, 0, NOW());

#Graphic Engineering and Design 
INSERT INTO year_of_study (id, year, ordinal_number, study_program_id, created_at) VALUES (20,'2020-11-01', 1, 7, NOW());
INSERT INTO year_of_study (id, year, ordinal_number, study_program_id, created_at) VALUES (21,'2021-11-01', 2, 7, NOW());
INSERT INTO year_of_study (id, year, ordinal_number, study_program_id, created_at) VALUES (22,'2022-11-01', 3, 7, NOW());
INSERT INTO year_of_study (id, year, ordinal_number, study_program_id, created_at) VALUES (23,'2023-11-01', 4, 7, NOW());

# Subjects/Courses

# FIRST YEAR
# 1st semester
INSERT INTO subject (year_of_study_id, name, semester, espb, number_of_lectures, number_of_practical_lectures, other_forms_of_lectures, research_works, other_lectures, created_at) VALUES (20, "Chemistry in graphic engineering", 1, 5, 20, 20, 0, 0, 0, NOW());

INSERT INTO subject (year_of_study_id, name, semester, espb, number_of_lectures, number_of_practical_lectures, other_forms_of_lectures, research_works, other_lectures, created_at) VALUES (20, "Mathematics", 1, 5, 20, 20, 0, 0, 0, NOW());

INSERT INTO subject (year_of_study_id, name, semester, espb, number_of_lectures, number_of_practical_lectures, other_forms_of_lectures, research_works, other_lectures, created_at) VALUES (20, "Arts", 1, 7, 20, 20, 0, 0, 0, NOW());

INSERT INTO subject (year_of_study_id, name, semester, espb, number_of_lectures, number_of_practical_lectures, other_forms_of_lectures, research_works, other_lectures, created_at) VALUES (20, "English - basic", 1, 5, 20, 20, 0, 0, 0, NOW());

# 2nd semester
INSERT INTO subject (year_of_study_id, name, semester, espb, number_of_lectures, number_of_practical_lectures, other_forms_of_lectures, research_works, other_lectures, created_at) VALUES (20, "Graphic materials", 2, 7, 20, 20, 0, 0, 0, NOW());

INSERT INTO subject (year_of_study_id, name, semester, espb, number_of_lectures, number_of_practical_lectures, other_forms_of_lectures, research_works, other_lectures, created_at) VALUES (20, "Physics", 2, 6, 20, 20, 0, 0, 0, NOW());

INSERT INTO subject (year_of_study_id, name, semester, espb, number_of_lectures, number_of_practical_lectures, other_forms_of_lectures, research_works, other_lectures, created_at) VALUES (20, "Sociology of culture", 2, 6, 20, 20, 0, 0, 0, NOW());

INSERT INTO subject (year_of_study_id, name, semester, espb, number_of_lectures, number_of_practical_lectures, other_forms_of_lectures, research_works, other_lectures, created_at) VALUES (20, "Visual culture", 2, 4, 20, 20, 0, 0, 0, NOW());

# SECOND YEAR
# 3rd semester
INSERT INTO subject (year_of_study_id, name, semester, espb, number_of_lectures, number_of_practical_lectures, other_forms_of_lectures, research_works, other_lectures, created_at) VALUES (21, "Introduction to graphic technologies", 3, 5, 20, 20, 0, 0, 0, NOW());

INSERT INTO subject (year_of_study_id, name, semester, espb, number_of_lectures, number_of_practical_lectures, other_forms_of_lectures, research_works, other_lectures, created_at) VALUES (21, "Electrical machines", 3, 6, 20, 20, 0, 0, 0, NOW());

INSERT INTO subject (year_of_study_id, name, semester, espb, number_of_lectures, number_of_practical_lectures, other_forms_of_lectures, research_works, other_lectures, created_at) VALUES (21, "Letter and typography", 3, 7, 20, 20, 0, 0, 0, NOW());

INSERT INTO subject (year_of_study_id, name, semester, espb, number_of_lectures, number_of_practical_lectures, other_forms_of_lectures, research_works, other_lectures, created_at) VALUES (21, "Photography", 3, 4, 20, 20, 0, 0, 0, NOW());

# 4th semester
INSERT INTO subject (year_of_study_id, name, semester, espb, number_of_lectures, number_of_practical_lectures, other_forms_of_lectures, research_works, other_lectures, created_at) VALUES (21, "Graphic processes", 4, 4, 20, 20, 0, 0, 0, NOW());

INSERT INTO subject (year_of_study_id, name, semester, espb, number_of_lectures, number_of_practical_lectures, other_forms_of_lectures, research_works, other_lectures, created_at) VALUES (21, "Electronics and optoelectronics", 4, 5, 20, 20, 0, 0, 0, NOW());

INSERT INTO subject (year_of_study_id, name, semester, espb, number_of_lectures, number_of_practical_lectures, other_forms_of_lectures, research_works, other_lectures, created_at) VALUES (21, "Multimedia", 4, 7, 20, 20, 0, 0, 0, NOW());

INSERT INTO subject (year_of_study_id, name, semester, espb, number_of_lectures, number_of_practical_lectures, other_forms_of_lectures, research_works, other_lectures, created_at) VALUES (21, "Graphic culture", 4, 5, 20, 20, 0, 0, 0, NOW());

# THIRD YEAR
# 5th semester
INSERT INTO subject (year_of_study_id, name, semester, espb, number_of_lectures, number_of_practical_lectures, other_forms_of_lectures, research_works, other_lectures, created_at) VALUES (22, "Reproduction technique", 5, 5, 20, 20, 0, 0, 0, NOW());

INSERT INTO subject (year_of_study_id, name, semester, espb, number_of_lectures, number_of_practical_lectures, other_forms_of_lectures, research_works, other_lectures, created_at) VALUES (22, "Basics of spatial design", 5, 5, 20, 20, 0, 0, 0, NOW());

INSERT INTO subject (year_of_study_id, name, semester, espb, number_of_lectures, number_of_practical_lectures, other_forms_of_lectures, research_works, other_lectures, created_at) VALUES (22, "Printing forms", 5, 5, 20, 20, 0, 0, 0, NOW());

INSERT INTO subject (year_of_study_id, name, semester, espb, number_of_lectures, number_of_practical_lectures, other_forms_of_lectures, research_works, other_lectures, created_at) VALUES (22, "Hemigraphy", 5, 6, 20, 20, 0, 0, 0, NOW());

# 6th semester
INSERT INTO subject (year_of_study_id, name, semester, espb, number_of_lectures, number_of_practical_lectures, other_forms_of_lectures, research_works, other_lectures, created_at) VALUES (22, "Printing techniques", 6, 6, 20, 20, 0, 0, 0, NOW());

INSERT INTO subject (year_of_study_id, name, semester, espb, number_of_lectures, number_of_practical_lectures, other_forms_of_lectures, research_works, other_lectures, created_at) VALUES (22, "Finishing graphic processing", 6, 7, 20, 20, 0, 0, 0, NOW());

INSERT INTO subject (year_of_study_id, name, semester, espb, number_of_lectures, number_of_practical_lectures, other_forms_of_lectures, research_works, other_lectures, created_at) VALUES (22, "Industrial design", 6, 5, 20, 20, 0, 0, 0, NOW());

INSERT INTO subject (year_of_study_id, name, semester, espb, number_of_lectures, number_of_practical_lectures, other_forms_of_lectures, research_works, other_lectures, created_at) VALUES (22, "Graphic product design", 6, 7, 20, 20, 0, 0, 0, NOW());

# FOURTH YEAR
# 7th semester

INSERT INTO subject (year_of_study_id, name, semester, espb, number_of_lectures, number_of_practical_lectures, other_forms_of_lectures, research_works, other_lectures, created_at) VALUES (23, "The science of color", 7, 6, 20, 20, 0, 0, 0, NOW());

INSERT INTO subject (year_of_study_id, name, semester, espb, number_of_lectures, number_of_practical_lectures, other_forms_of_lectures, research_works, other_lectures, created_at) VALUES (23, "Basics of computer games", 7, 5, 20, 20, 0, 0, 0, NOW());

INSERT INTO subject (year_of_study_id, name, semester, espb, number_of_lectures, number_of_practical_lectures, other_forms_of_lectures, research_works, other_lectures, created_at) VALUES (23, "WEB design", 7, 4, 20, 20, 0, 0, 0, NOW());

INSERT INTO subject (year_of_study_id, name, semester, espb, number_of_lectures, number_of_practical_lectures, other_forms_of_lectures, research_works, other_lectures, created_at) VALUES (23, "Simulation modeling and control", 7, 7, 20, 20, 0, 0, 0, NOW());

# 8th semester

INSERT INTO subject (year_of_study_id, name, semester, espb, number_of_lectures, number_of_practical_lectures, other_forms_of_lectures, research_works, other_lectures, created_at) VALUES (23, "Graphic systems", 8, 5, 20, 20, 0, 0, 0, NOW());

INSERT INTO subject (year_of_study_id, name, semester, espb, number_of_lectures, number_of_practical_lectures, other_forms_of_lectures, research_works, other_lectures, created_at) VALUES (23, "Graphic design", 8, 6, 20, 20, 0, 0, 0, NOW());

INSERT INTO subject (year_of_study_id, name, semester, espb, number_of_lectures, number_of_practical_lectures, other_forms_of_lectures, research_works, other_lectures, created_at) VALUES (23, "Production systems", 8, 6, 20, 20, 0, 0, 0, NOW());

INSERT INTO subject (year_of_study_id, name, semester, espb, number_of_lectures, number_of_practical_lectures, other_forms_of_lectures, research_works, other_lectures, created_at) VALUES (23, "English for GRID 2", 8, 5, 20, 20, 0, 0, 0, NOW());

#Computing and Control Engineering
INSERT INTO year_of_study (id, year, ordinal_number, study_program_id, created_at) VALUES (24,'2020-11-01', 1, 8, NOW());
INSERT INTO year_of_study (id, year, ordinal_number, study_program_id, created_at) VALUES (25,'2021-11-01', 2, 8, NOW());
INSERT INTO year_of_study (id, year, ordinal_number, study_program_id, created_at) VALUES (26,'2022-11-01', 3, 8, NOW());
INSERT INTO year_of_study (id, year, ordinal_number, study_program_id, created_at) VALUES (27,'2023-11-01', 4, 8, NOW());

# Subjects/Courses

# FIRST YEAR
# 1st semester
INSERT INTO subject (year_of_study_id, name, semester, espb, number_of_lectures, number_of_practical_lectures, other_forms_of_lectures, research_works, other_lectures, created_at) VALUES (24, "Programming languages ​​and data structures", 1, 5, 20, 20, 0, 0, 0, NOW());

INSERT INTO subject (year_of_study_id, name, semester, espb, number_of_lectures, number_of_practical_lectures, other_forms_of_lectures, research_works, other_lectures, created_at) VALUES (24, "Introduction to information and financial engineering ", 1, 5, 20, 20, 0, 0, 0, NOW());

INSERT INTO subject (year_of_study_id, name, semester, espb, number_of_lectures, number_of_practical_lectures, other_forms_of_lectures, research_works, other_lectures, created_at) VALUES (24, "Communication", 1, 7, 20, 20, 0, 0, 0, NOW());

INSERT INTO subject (year_of_study_id, name, semester, espb, number_of_lectures, number_of_practical_lectures, other_forms_of_lectures, research_works, other_lectures, created_at) VALUES (24, "Mechanics", 1, 5, 20, 20, 0, 0, 0, NOW());

# 2nd semester
INSERT INTO subject (year_of_study_id, name, semester, espb, number_of_lectures, number_of_practical_lectures, other_forms_of_lectures, research_works, other_lectures, created_at) VALUES (24, "Mathematical analysis 1", 2, 7, 20, 20, 0, 0, 0, NOW());

INSERT INTO subject (year_of_study_id, name, semester, espb, number_of_lectures, number_of_practical_lectures, other_forms_of_lectures, research_works, other_lectures, created_at) VALUES (24, "Computer architecture ", 2, 6, 20, 20, 0, 0, 0, NOW());

INSERT INTO subject (year_of_study_id, name, semester, espb, number_of_lectures, number_of_practical_lectures, other_forms_of_lectures, research_works, other_lectures, created_at) VALUES (24, "Algorithm theory ", 2, 6, 20, 20, 0, 0, 0, NOW());

INSERT INTO subject (year_of_study_id, name, semester, espb, number_of_lectures, number_of_practical_lectures, other_forms_of_lectures, research_works, other_lectures, created_at) VALUES (24, "Fundamentals of financial engineering ", 2, 4, 20, 20, 0, 0, 0, NOW());

# SECOND YEAR
# 3rd semester
INSERT INTO subject (year_of_study_id, name, semester, espb, number_of_lectures, number_of_practical_lectures, other_forms_of_lectures, research_works, other_lectures, created_at) VALUES (25, "Mathematical analysis 2", 3, 5, 20, 20, 0, 0, 0, NOW());

INSERT INTO subject (year_of_study_id, name, semester, espb, number_of_lectures, number_of_practical_lectures, other_forms_of_lectures, research_works, other_lectures, created_at) VALUES (25, "Fundamentals of graph theory and combinatorics", 3, 6, 20, 20, 0, 0, 0, NOW());

INSERT INTO subject (year_of_study_id, name, semester, espb, number_of_lectures, number_of_practical_lectures, other_forms_of_lectures, research_works, other_lectures, created_at) VALUES (25, "Object Oriented Programming", 3, 7, 20, 20, 0, 0, 0, NOW());

INSERT INTO subject (year_of_study_id, name, semester, espb, number_of_lectures, number_of_practical_lectures, other_forms_of_lectures, research_works, other_lectures, created_at) VALUES (25, "Logical design of computer systems 1", 3, 4, 20, 20, 0, 0, 0, NOW());

# 4th semester
INSERT INTO subject (year_of_study_id, name, semester, espb, number_of_lectures, number_of_practical_lectures, other_forms_of_lectures, research_works, other_lectures, created_at) VALUES (25, "Probability and random processes", 4, 4, 20, 20, 0, 0, 0, NOW());

INSERT INTO subject (year_of_study_id, name, semester, espb, number_of_lectures, number_of_practical_lectures, other_forms_of_lectures, research_works, other_lectures, created_at) VALUES (25, "Operating systems", 4, 5, 20, 20, 0, 0, 0, NOW());

INSERT INTO subject (year_of_study_id, name, semester, espb, number_of_lectures, number_of_practical_lectures, other_forms_of_lectures, research_works, other_lectures, created_at) VALUES (25, "Web programming", 4, 7, 20, 20, 0, 0, 0, NOW());

INSERT INTO subject (year_of_study_id, name, semester, espb, number_of_lectures, number_of_practical_lectures, other_forms_of_lectures, research_works, other_lectures, created_at) VALUES (25, "Fundamentals of financial engineering 2", 4, 5, 20, 20, 0, 0, 0, NOW());

# THIRD YEAR
# 5th semester
INSERT INTO subject (year_of_study_id, name, semester, espb, number_of_lectures, number_of_practical_lectures, other_forms_of_lectures, research_works, other_lectures, created_at) VALUES (26, "Optimization methods", 5, 5, 20, 20, 0, 0, 0, NOW());

INSERT INTO subject (year_of_study_id, name, semester, espb, number_of_lectures, number_of_practical_lectures, other_forms_of_lectures, research_works, other_lectures, created_at) VALUES (26, "Numerical algorithms and numerical software", 5, 5, 20, 20, 0, 0, 0, NOW());

INSERT INTO subject (year_of_study_id, name, semester, espb, number_of_lectures, number_of_practical_lectures, other_forms_of_lectures, research_works, other_lectures, created_at) VALUES (26, "Databases 1", 5, 5, 20, 20, 0, 0, 0, NOW());

INSERT INTO subject (year_of_study_id, name, semester, espb, number_of_lectures, number_of_practical_lectures, other_forms_of_lectures, research_works, other_lectures, created_at) VALUES (26, "Program translators", 5, 6, 20, 20, 0, 0, 0, NOW());

# 6th semester
INSERT INTO subject (year_of_study_id, name, semester, espb, number_of_lectures, number_of_practical_lectures, other_forms_of_lectures, research_works, other_lectures, created_at) VALUES (26, "Fundamentals of Computer Intelligence ", 6, 6, 20, 20, 0, 0, 0, NOW());

INSERT INTO subject (year_of_study_id, name, semester, espb, number_of_lectures, number_of_practical_lectures, other_forms_of_lectures, research_works, other_lectures, created_at) VALUES (26, "Parallel computing", 6, 7, 20, 20, 0, 0, 0, NOW());

INSERT INTO subject (year_of_study_id, name, semester, espb, number_of_lectures, number_of_practical_lectures, other_forms_of_lectures, research_works, other_lectures, created_at) VALUES (26, "Practicum in statistics", 6, 5, 20, 20, 0, 0, 0, NOW());

INSERT INTO subject (year_of_study_id, name, semester, espb, number_of_lectures, number_of_practical_lectures, other_forms_of_lectures, research_works, other_lectures, created_at) VALUES (26, "Interaction human computer", 6, 7, 20, 20, 0, 0, 0, NOW());

# FOURTH YEAR
# 7th semester

INSERT INTO subject (year_of_study_id, name, semester, espb, number_of_lectures, number_of_practical_lectures, other_forms_of_lectures, research_works, other_lectures, created_at) VALUES (27, "Analytical engineering", 7, 6, 20, 20, 0, 0, 0, NOW());

INSERT INTO subject (year_of_study_id, name, semester, espb, number_of_lectures, number_of_practical_lectures, other_forms_of_lectures, research_works, other_lectures, created_at) VALUES (27, "Applied information engineering", 7, 5, 20, 20, 0, 0, 0, NOW());

INSERT INTO subject (year_of_study_id, name, semester, espb, number_of_lectures, number_of_practical_lectures, other_forms_of_lectures, research_works, other_lectures, created_at) VALUES (27, "Databases 2", 7, 4, 20, 20, 0, 0, 0, NOW());

INSERT INTO subject (year_of_study_id, name, semester, espb, number_of_lectures, number_of_practical_lectures, other_forms_of_lectures, research_works, other_lectures, created_at) VALUES (27, "Software specification and modeling", 7, 7, 20, 20, 0, 0, 0, NOW());

# 8th semester

INSERT INTO subject (year_of_study_id, name, semester, espb, number_of_lectures, number_of_practical_lectures, other_forms_of_lectures, research_works, other_lectures, created_at) VALUES (27, "Computer communications", 8, 5, 20, 20, 0, 0, 0, NOW());

INSERT INTO subject (year_of_study_id, name, semester, espb, number_of_lectures, number_of_practical_lectures, other_forms_of_lectures, research_works, other_lectures, created_at) VALUES (27, "Analytical engineering", 8, 6, 20, 20, 0, 0, 0, NOW());

INSERT INTO subject (year_of_study_id, name, semester, espb, number_of_lectures, number_of_practical_lectures, other_forms_of_lectures, research_works, other_lectures, created_at) VALUES (27, "Applied information engineering", 8, 6, 20, 20, 0, 0, 0, NOW());

INSERT INTO subject (year_of_study_id, name, semester, espb, number_of_lectures, number_of_practical_lectures, other_forms_of_lectures, research_works, other_lectures, created_at) VALUES (27, "Internet networks", 8, 5, 20, 20, 0, 0, 0, NOW());

#Architecture
INSERT INTO year_of_study (id, year, ordinal_number, study_program_id, created_at) VALUES (28,'2020-11-01', 1, 9, NOW());
INSERT INTO year_of_study (id, year, ordinal_number, study_program_id, created_at) VALUES (29,'2021-11-01', 2, 9, NOW());
INSERT INTO year_of_study (id, year, ordinal_number, study_program_id, created_at) VALUES (30,'2022-11-01', 3, 9, NOW());

# Subjects/Courses

# FIRST YEAR
# 1st semester
INSERT INTO subject (year_of_study_id, name, semester, espb, number_of_lectures, number_of_practical_lectures, other_forms_of_lectures, research_works, other_lectures, created_at) VALUES (28, "Mathematics", 1, 5, 20, 20, 0, 0, 0, NOW());

INSERT INTO subject (year_of_study_id, name, semester, espb, number_of_lectures, number_of_practical_lectures, other_forms_of_lectures, research_works, other_lectures, created_at) VALUES (28, "Descriptive geometry 1", 1, 5, 20, 20, 0, 0, 0, NOW());

INSERT INTO subject (year_of_study_id, name, semester, espb, number_of_lectures, number_of_practical_lectures, other_forms_of_lectures, research_works, other_lectures, created_at) VALUES (28, "Constructions, materials and construction", 1, 7, 20, 20, 0, 0, 0, NOW());

INSERT INTO subject (year_of_study_id, name, semester, espb, number_of_lectures, number_of_practical_lectures, other_forms_of_lectures, research_works, other_lectures, created_at) VALUES (28, "Elements and assemblies of buildings 1", 1, 5, 20, 20, 0, 0, 0, NOW());

# 2nd semester
INSERT INTO subject (year_of_study_id, name, semester, espb, number_of_lectures, number_of_practical_lectures, other_forms_of_lectures, research_works, other_lectures, created_at) VALUES (28, "Descriptive geometry 2", 2, 7, 20, 20, 0, 0, 0, NOW());

INSERT INTO subject (year_of_study_id, name, semester, espb, number_of_lectures, number_of_practical_lectures, other_forms_of_lectures, research_works, other_lectures, created_at) VALUES (28, "Elements and assemblies of buildings 2", 2, 6, 20, 20, 0, 0, 0, NOW());

INSERT INTO subject (year_of_study_id, name, semester, espb, number_of_lectures, number_of_practical_lectures, other_forms_of_lectures, research_works, other_lectures, created_at) VALUES (28, "Architectural analysis, functions and typology 2", 2, 6, 20, 20, 0, 0, 0, NOW());

INSERT INTO subject (year_of_study_id, name, semester, espb, number_of_lectures, number_of_practical_lectures, other_forms_of_lectures, research_works, other_lectures, created_at) VALUES (28, "Sociology and economics of the built environment", 2, 4, 20, 20, 0, 0, 0, NOW());

# SECOND YEAR
# 3rd semester
INSERT INTO subject (year_of_study_id, name, semester, espb, number_of_lectures, number_of_practical_lectures, other_forms_of_lectures, research_works, other_lectures, created_at) VALUES (29, "Urban / rural analysis and morphology 1", 3, 5, 20, 20, 0, 0, 0, NOW());

INSERT INTO subject (year_of_study_id, name, semester, espb, number_of_lectures, number_of_practical_lectures, other_forms_of_lectures, research_works, other_lectures, created_at) VALUES (29, "Architectural technologies 1", 3, 6, 20, 20, 0, 0, 0, NOW());

INSERT INTO subject (year_of_study_id, name, semester, espb, number_of_lectures, number_of_practical_lectures, other_forms_of_lectures, research_works, other_lectures, created_at) VALUES (29, "Housing 1", 3, 7, 20, 20, 0, 0, 0, NOW());

INSERT INTO subject (year_of_study_id, name, semester, espb, number_of_lectures, number_of_practical_lectures, other_forms_of_lectures, research_works, other_lectures, created_at) VALUES (29, "Architecture and the city of the Middle Ages", 3, 4, 20, 20, 0, 0, 0, NOW());

# 4th semester
INSERT INTO subject (year_of_study_id, name, semester, espb, number_of_lectures, number_of_practical_lectures, other_forms_of_lectures, research_works, other_lectures, created_at) VALUES (29, "Architectural technologies 2", 4, 4, 20, 20, 0, 0, 0, NOW());

INSERT INTO subject (year_of_study_id, name, semester, espb, number_of_lectures, number_of_practical_lectures, other_forms_of_lectures, research_works, other_lectures, created_at) VALUES (29, "Architectural physics", 4, 5, 20, 20, 0, 0, 0, NOW());

INSERT INTO subject (year_of_study_id, name, semester, espb, number_of_lectures, number_of_practical_lectures, other_forms_of_lectures, research_works, other_lectures, created_at) VALUES (29, "Architecture and the city of the new age", 4, 7, 20, 20, 0, 0, 0, NOW());

INSERT INTO subject (year_of_study_id, name, semester, espb, number_of_lectures, number_of_practical_lectures, other_forms_of_lectures, research_works, other_lectures, created_at) VALUES (29, "Resistance of materials", 4, 5, 20, 20, 0, 0, 0, NOW());

# THIRD YEAR
# 5th semester
INSERT INTO subject (year_of_study_id, name, semester, espb, number_of_lectures, number_of_practical_lectures, other_forms_of_lectures, research_works, other_lectures, created_at) VALUES (30, "Construction theory and construction systems", 5, 5, 20, 20, 0, 0, 0, NOW());

INSERT INTO subject (year_of_study_id, name, semester, espb, number_of_lectures, number_of_practical_lectures, other_forms_of_lectures, research_works, other_lectures, created_at) VALUES (30, "Urban design", 5, 5, 20, 20, 0, 0, 0, NOW());

INSERT INTO subject (year_of_study_id, name, semester, espb, number_of_lectures, number_of_practical_lectures, other_forms_of_lectures, research_works, other_lectures, created_at) VALUES (30, "Architectural design", 5, 5, 20, 20, 0, 0, 0, NOW());

INSERT INTO subject (year_of_study_id, name, semester, espb, number_of_lectures, number_of_practical_lectures, other_forms_of_lectures, research_works, other_lectures, created_at) VALUES (30, "History of art and culture 2", 5, 6, 20, 20, 0, 0, 0, NOW());

# 6th semester
INSERT INTO subject (year_of_study_id, name, semester, espb, number_of_lectures, number_of_practical_lectures, other_forms_of_lectures, research_works, other_lectures, created_at) VALUES (30, "Development of regional architecture 2", 6, 6, 20, 20, 0, 0, 0, NOW());

INSERT INTO subject (year_of_study_id, name, semester, espb, number_of_lectures, number_of_practical_lectures, other_forms_of_lectures, research_works, other_lectures, created_at) VALUES (30, "Load - bearing structures", 6, 7, 20, 20, 0, 0, 0, NOW());

INSERT INTO subject (year_of_study_id, name, semester, espb, number_of_lectures, number_of_practical_lectures, other_forms_of_lectures, research_works, other_lectures, created_at) VALUES (30, "Architectural design 2", 6, 5, 20, 20, 0, 0, 0, NOW());

INSERT INTO subject (year_of_study_id, name, semester, espb, number_of_lectures, number_of_practical_lectures, other_forms_of_lectures, research_works, other_lectures, created_at) VALUES (30, "Urban design 2", 6, 7, 20, 20, 0, 0, 0, NOW());


#Production Engineering (Master)
INSERT INTO year_of_study (id, year, ordinal_number, study_program_id, created_at) VALUES (31,'2020-11-01', 1, 10, NOW());
INSERT INTO year_of_study (id, year, ordinal_number, study_program_id, created_at) VALUES (32,'2021-11-01', 2, 10, NOW());


# Subjects/Courses

# FIRST YEAR
# 1st semester
INSERT INTO subject (year_of_study_id, name, semester, espb, number_of_lectures, number_of_practical_lectures, other_forms_of_lectures, research_works, other_lectures, created_at) VALUES (31, "Ecological technologies and systems", 1, 5, 20, 20, 0, 0, 0, NOW());

INSERT INTO subject (year_of_study_id, name, semester, espb, number_of_lectures, number_of_practical_lectures, other_forms_of_lectures, research_works, other_lectures, created_at) VALUES (31, "Welding technology design ", 1, 8, 20, 20, 0, 0, 0, NOW());

INSERT INTO subject (year_of_study_id, name, semester, espb, number_of_lectures, number_of_practical_lectures, other_forms_of_lectures, research_works, other_lectures, created_at) VALUES (31, "Plastics and environmental protection", 1, 6, 20, 20, 0, 0, 0, NOW());

INSERT INTO subject (year_of_study_id, name, semester, espb, number_of_lectures, number_of_practical_lectures, other_forms_of_lectures, research_works, other_lectures, created_at) VALUES (31, "Intelligent machining processes", 1, 5, 20, 20, 0, 0, 0, NOW());

# 2nd semester
INSERT INTO subject (year_of_study_id, name, semester, espb, number_of_lectures, number_of_practical_lectures, other_forms_of_lectures, research_works, other_lectures, created_at) VALUES (31, "Semantic web 2", 2, 7, 20, 20, 0, 0, 0, NOW());

INSERT INTO subject (year_of_study_id, name, semester, espb, number_of_lectures, number_of_practical_lectures, other_forms_of_lectures, research_works, other_lectures, created_at) VALUES (31, "Modern approaches in product design", 2, 6, 20, 20, 0, 0, 0, NOW());

INSERT INTO subject (year_of_study_id, name, semester, espb, number_of_lectures, number_of_practical_lectures, other_forms_of_lectures, research_works, other_lectures, created_at) VALUES (31, "Nanotechnologies", 2, 6, 20, 20, 0, 0, 0, NOW());

INSERT INTO subject (year_of_study_id, name, semester, espb, number_of_lectures, number_of_practical_lectures, other_forms_of_lectures, research_works, other_lectures, created_at) VALUES (31, "Modern processing systems for plastic processing", 2, 5, 20, 20, 0, 0, 0, NOW());

# SECOND YEAR
# 3rd semester
INSERT INTO subject (year_of_study_id, name, semester, espb, number_of_lectures, number_of_practical_lectures, other_forms_of_lectures, research_works, other_lectures, created_at) VALUES (32, "Domain-specific languages", 3, 5, 20, 20, 0, 0, 0, NOW());

INSERT INTO subject (year_of_study_id, name, semester, espb, number_of_lectures, number_of_practical_lectures, other_forms_of_lectures, research_works, other_lectures, created_at) VALUES (32, "Highly productive processing", 3, 6, 20, 20, 0, 0, 0, NOW());

INSERT INTO subject (year_of_study_id, name, semester, espb, number_of_lectures, number_of_practical_lectures, other_forms_of_lectures, research_works, other_lectures, created_at) VALUES (32, "Casting technology design", 3, 7, 20, 20, 0, 0, 0, NOW());

INSERT INTO subject (year_of_study_id, name, semester, espb, number_of_lectures, number_of_practical_lectures, other_forms_of_lectures, research_works, other_lectures, created_at) VALUES (32, "Ecological technologies and systems", 3, 4, 20, 20, 0, 0, 0, NOW());

# 4th semester
INSERT INTO subject (year_of_study_id, name, semester, espb, number_of_lectures, number_of_practical_lectures, other_forms_of_lectures, research_works, other_lectures, created_at) VALUES (32, "Internet technologies in manufacturing engineering", 4, 6, 20, 20, 0, 0, 0, NOW());

INSERT INTO subject (year_of_study_id, name, semester, espb, number_of_lectures, number_of_practical_lectures, other_forms_of_lectures, research_works, other_lectures, created_at) VALUES (32, "Design of plastic tools ", 4, 4, 20, 20, 0, 0, 0, NOW());

INSERT INTO subject (year_of_study_id, name, semester, espb, number_of_lectures, number_of_practical_lectures, other_forms_of_lectures, research_works, other_lectures, created_at) VALUES (32, "Measurement and tools in precision engineering ", 4, 7, 20, 20, 0, 0, 0, NOW());

INSERT INTO subject (year_of_study_id, name, semester, espb, number_of_lectures, number_of_practical_lectures, other_forms_of_lectures, research_works, other_lectures, created_at) VALUES (32, "Methods and software tools for collaborative design", 4, 6, 20, 20, 0, 0, 0, NOW());


#Civil Engineering(Master)
INSERT INTO year_of_study (id, year, ordinal_number, study_program_id, created_at) VALUES (33,'2020-11-01', 1, 11, NOW());
INSERT INTO year_of_study (id, year, ordinal_number, study_program_id, created_at) VALUES (34,'2021-11-01', 2, 11, NOW());

# Subjects/Courses

# FIRST YEAR
# 1st semester
INSERT INTO subject (year_of_study_id, name, semester, espb, number_of_lectures, number_of_practical_lectures, other_forms_of_lectures, research_works, other_lectures, created_at) VALUES (33, "Concrete structures of engineering structures", 1, 6, 20, 20, 0, 0, 0, NOW());

INSERT INTO subject (year_of_study_id, name, semester, espb, number_of_lectures, number_of_practical_lectures, other_forms_of_lectures, research_works, other_lectures, created_at) VALUES (33, "Concrete bridges", 1, 4, 20, 20, 0, 0, 0, NOW());

INSERT INTO subject (year_of_study_id, name, semester, espb, number_of_lectures, number_of_practical_lectures, other_forms_of_lectures, research_works, other_lectures, created_at) VALUES (33, "Hydraulic structures", 1, 6, 20, 20, 0, 0, 0, NOW());

INSERT INTO subject (year_of_study_id, name, semester, espb, number_of_lectures, number_of_practical_lectures, other_forms_of_lectures, research_works, other_lectures, created_at) VALUES (33, "Construction management", 1, 7, 20, 20, 0, 0, 0, NOW());

# 2nd semester
INSERT INTO subject (year_of_study_id, name, semester, espb, number_of_lectures, number_of_practical_lectures, other_forms_of_lectures, research_works, other_lectures, created_at) VALUES (33, "Metal bridges", 2, 7, 20, 20, 0, 0, 0, NOW());

INSERT INTO subject (year_of_study_id, name, semester, espb, number_of_lectures, number_of_practical_lectures, other_forms_of_lectures, research_works, other_lectures, created_at) VALUES (33, "Hydraulics 2", 2, 5, 20, 20, 0, 0, 0, NOW());

INSERT INTO subject (year_of_study_id, name, semester, espb, number_of_lectures, number_of_practical_lectures, other_forms_of_lectures, research_works, other_lectures, created_at) VALUES (33, "Industrial methods in construction", 2, 6, 20, 20, 0, 0, 0, NOW());

INSERT INTO subject (year_of_study_id, name, semester, espb, number_of_lectures, number_of_practical_lectures, other_forms_of_lectures, research_works, other_lectures, created_at) VALUES (33, "Durability and condition assessment of concrete structures", 2, 7, 20, 20, 0, 0, 0, NOW());

# SECOND YEAR
# 3rd semester
INSERT INTO subject (year_of_study_id, name, semester, espb, number_of_lectures, number_of_practical_lectures, other_forms_of_lectures, research_works, other_lectures, created_at) VALUES (34, "Seismic analysis of structures", 3, 3, 20, 20, 0, 0, 0, NOW());

INSERT INTO subject (year_of_study_id, name, semester, espb, number_of_lectures, number_of_practical_lectures, other_forms_of_lectures, research_works, other_lectures, created_at) VALUES (34, "Prefabricated concrete structures", 3, 7, 20, 20, 0, 0, 0, NOW());

INSERT INTO subject (year_of_study_id, name, semester, espb, number_of_lectures, number_of_practical_lectures, other_forms_of_lectures, research_works, other_lectures, created_at) VALUES (34, "Special prestressed and composite concrete structures", 3, 7, 20, 20, 0, 0, 0, NOW());

INSERT INTO subject (year_of_study_id, name, semester, espb, number_of_lectures, number_of_practical_lectures, other_forms_of_lectures, research_works, other_lectures, created_at) VALUES (34, "Selected chapters of masonry structures", 3, 5, 20, 20, 0, 0, 0, NOW());

# 4th semester
INSERT INTO subject (year_of_study_id, name, semester, espb, number_of_lectures, number_of_practical_lectures, other_forms_of_lectures, research_works, other_lectures, created_at) VALUES (34, "Special metal constructions", 4, 6, 20, 20, 0, 0, 0, NOW());

INSERT INTO subject (year_of_study_id, name, semester, espb, number_of_lectures, number_of_practical_lectures, other_forms_of_lectures, research_works, other_lectures, created_at) VALUES (34, "Special wooden constructions", 4, 5, 20, 20, 0, 0, 0, NOW());

INSERT INTO subject (year_of_study_id, name, semester, espb, number_of_lectures, number_of_practical_lectures, other_forms_of_lectures, research_works, other_lectures, created_at) VALUES (34, "Composite structures", 4, 7, 20, 20, 0, 0, 0, NOW());

INSERT INTO subject (year_of_study_id, name, semester, espb, number_of_lectures, number_of_practical_lectures, other_forms_of_lectures, research_works, other_lectures, created_at) VALUES (34, "Rehabilitation of concrete structures", 4, 7, 20, 20, 0, 0, 0, NOW());

#Architecture(Master)
INSERT INTO year_of_study (id, year, ordinal_number, study_program_id, created_at) VALUES (35,'2020-11-01', 1, 12, NOW());
INSERT INTO year_of_study (id, year, ordinal_number, study_program_id, created_at) VALUES (36,'2021-11-01', 2, 12, NOW());

# Subjects/Courses

# FIRST YEAR
# 1st semester
INSERT INTO subject (year_of_study_id, name, semester, espb, number_of_lectures, number_of_practical_lectures, other_forms_of_lectures, research_works, other_lectures, created_at) VALUES (35, "Architectural design of complex programs", 1, 5, 20, 20, 0, 0, 0, NOW());

INSERT INTO subject (year_of_study_id, name, semester, espb, number_of_lectures, number_of_practical_lectures, other_forms_of_lectures, research_works, other_lectures, created_at) VALUES (35, "Urban design of complex programs", 1, 6, 20, 20, 0, 0, 0, NOW());

INSERT INTO subject (year_of_study_id, name, semester, espb, number_of_lectures, number_of_practical_lectures, other_forms_of_lectures, research_works, other_lectures, created_at) VALUES (35, "Project and construction management 2", 1, 6, 20, 20, 0, 0, 0, NOW());

INSERT INTO subject (year_of_study_id, name, semester, espb, number_of_lectures, number_of_practical_lectures, other_forms_of_lectures, research_works, other_lectures, created_at) VALUES (35, "Interior design 3", 1, 7, 20, 20, 0, 0, 0, NOW());

# 2nd semester
INSERT INTO subject (year_of_study_id, name, semester, espb, number_of_lectures, number_of_practical_lectures, other_forms_of_lectures, research_works, other_lectures, created_at) VALUES (35, "Landscape architecture 2", 2, 7, 20, 20, 0, 0, 0, NOW());

INSERT INTO subject (year_of_study_id, name, semester, espb, number_of_lectures, number_of_practical_lectures, other_forms_of_lectures, research_works, other_lectures, created_at) VALUES (35, "Transitions and transformations of architectural programs", 2, 5, 20, 20, 0, 0, 0, NOW());

INSERT INTO subject (year_of_study_id, name, semester, espb, number_of_lectures, number_of_practical_lectures, other_forms_of_lectures, research_works, other_lectures, created_at) VALUES (35, "Contemporary interior and design", 2, 6, 20, 20, 0, 0, 0, NOW());

INSERT INTO subject (year_of_study_id, name, semester, espb, number_of_lectures, number_of_practical_lectures, other_forms_of_lectures, research_works, other_lectures, created_at) VALUES (35, "Foreign language", 2, 7, 20, 20, 0, 0, 0, NOW());

# SECOND YEAR
# 3rd semester
INSERT INTO subject (year_of_study_id, name, semester, espb, number_of_lectures, number_of_practical_lectures, other_forms_of_lectures, research_works, other_lectures, created_at) VALUES (36, "Strategies and methods in architectural and urban design", 3, 3, 20, 20, 0, 0, 0, NOW());

INSERT INTO subject (year_of_study_id, name, semester, espb, number_of_lectures, number_of_practical_lectures, other_forms_of_lectures, research_works, other_lectures, created_at) VALUES (36, "Elements and assemblies in architectural and urban design", 3, 7, 20, 20, 0, 0, 0, NOW());

INSERT INTO subject (year_of_study_id, name, semester, espb, number_of_lectures, number_of_practical_lectures, other_forms_of_lectures, research_works, other_lectures, created_at) VALUES (36, "Professional practice - master", 3, 7, 20, 20, 0, 0, 0, NOW());

INSERT INTO subject (year_of_study_id, name, semester, espb, number_of_lectures, number_of_practical_lectures, other_forms_of_lectures, research_works, other_lectures, created_at) VALUES (36, "Study research workTheory and critique of the urban environment", 3, 5, 20, 20, 0, 0, 0, NOW());

# 4th semester
INSERT INTO subject (year_of_study_id, name, semester, espb, number_of_lectures, number_of_practical_lectures, other_forms_of_lectures, research_works, other_lectures, created_at) VALUES (36, "Modern theories and technologies applied to architecture, urbanism and design 1", 4, 6, 20, 20, 0, 0, 0, NOW());

INSERT INTO subject (year_of_study_id, name, semester, espb, number_of_lectures, number_of_practical_lectures, other_forms_of_lectures, research_works, other_lectures, created_at) VALUES (36, "Theory and critique of the urban environment", 4, 5, 20, 20, 0, 0, 0, NOW());

INSERT INTO subject (year_of_study_id, name, semester, espb, number_of_lectures, number_of_practical_lectures, other_forms_of_lectures, research_works, other_lectures, created_at) VALUES (36, "Strategies and methods in urban design", 4, 7, 20, 20, 0, 0, 0, NOW());

INSERT INTO subject (year_of_study_id, name, semester, espb, number_of_lectures, number_of_practical_lectures, other_forms_of_lectures, research_works, other_lectures, created_at) VALUES (36, "Strategies and methods in design", 4, 7, 20, 20, 0, 0, 0, NOW());

#Computer Science(Master)
INSERT INTO year_of_study (id, year, ordinal_number, study_program_id, created_at) VALUES (37,'2020-11-01', 1, 13, NOW());
INSERT INTO year_of_study (id, year, ordinal_number, study_program_id, created_at) VALUES (38,'2021-11-01', 2, 13, NOW());

# Subjects/Courses

# FIRST YEAR
# 1st semester
INSERT INTO subject (year_of_study_id, name, semester, espb, number_of_lectures, number_of_practical_lectures, other_forms_of_lectures, research_works, other_lectures, created_at) VALUES (37, "Advanced functional programming", 1, 5, 20, 20, 0, 0, 0, NOW());

INSERT INTO subject (year_of_study_id, name, semester, espb, number_of_lectures, number_of_practical_lectures, other_forms_of_lectures, research_works, other_lectures, created_at) VALUES (37, "Big data analysis", 1, 6, 20, 20, 0, 0, 0, NOW());

INSERT INTO subject (year_of_study_id, name, semester, espb, number_of_lectures, number_of_practical_lectures, other_forms_of_lectures, research_works, other_lectures, created_at) VALUES (37, "Software project management", 1, 6, 20, 20, 0, 0, 0, NOW());

INSERT INTO subject (year_of_study_id, name, semester, espb, number_of_lectures, number_of_practical_lectures, other_forms_of_lectures, research_works, other_lectures, created_at) VALUES (37, "Distributed programming", 1, 5, 20, 20, 0, 0, 0, NOW());

# 2nd semester
INSERT INTO subject (year_of_study_id, name, semester, espb, number_of_lectures, number_of_practical_lectures, other_forms_of_lectures, research_works, other_lectures, created_at) VALUES (37, "Machine learning", 2, 6, 20, 20, 0, 0, 0, NOW());

INSERT INTO subject (year_of_study_id, name, semester, espb, number_of_lectures, number_of_practical_lectures, other_forms_of_lectures, research_works, other_lectures, created_at) VALUES (37, "Searching for information", 2, 5, 20, 20, 0, 0, 0, NOW());

INSERT INTO subject (year_of_study_id, name, semester, espb, number_of_lectures, number_of_practical_lectures, other_forms_of_lectures, research_works, other_lectures, created_at) VALUES (37, "Analysis of complex networks", 2, 7, 20, 20, 0, 0, 0, NOW());

INSERT INTO subject (year_of_study_id, name, semester, espb, number_of_lectures, number_of_practical_lectures, other_forms_of_lectures, research_works, other_lectures, created_at) VALUES (37, "Operating Systems 2", 2, 5, 20, 20, 0, 0, 0, NOW());

# SECOND YEAR
# 3rd semester
INSERT INTO subject (year_of_study_id, name, semester, espb, number_of_lectures, number_of_practical_lectures, other_forms_of_lectures, research_works, other_lectures, created_at) VALUES (38, "Differential equations", 3, 3, 20, 20, 0, 0, 0, NOW());

INSERT INTO subject (year_of_study_id, name, semester, espb, number_of_lectures, number_of_practical_lectures, other_forms_of_lectures, research_works, other_lectures, created_at) VALUES (38, "Geometric algorithms", 3, 6, 20, 20, 0, 0, 0, NOW());

INSERT INTO subject (year_of_study_id, name, semester, espb, number_of_lectures, number_of_practical_lectures, other_forms_of_lectures, research_works, other_lectures, created_at) VALUES (38, "Advanced numerical methods and optimization", 3, 7, 20, 20, 0, 0, 0, NOW());

INSERT INTO subject (year_of_study_id, name, semester, espb, number_of_lectures, number_of_practical_lectures, other_forms_of_lectures, research_works, other_lectures, created_at) VALUES (38, "Advanced topics in combinatorics", 3, 6, 20, 20, 0, 0, 0, NOW());

# 4th semester
INSERT INTO subject (year_of_study_id, name, semester, espb, number_of_lectures, number_of_practical_lectures, other_forms_of_lectures, research_works, other_lectures, created_at) VALUES (38, "Introduction to image processing", 4, 6, 20, 20, 0, 0, 0, NOW());

INSERT INTO subject (year_of_study_id, name, semester, espb, number_of_lectures, number_of_practical_lectures, other_forms_of_lectures, research_works, other_lectures, created_at) VALUES (38, "Compiler construction", 4, 6, 20, 20, 0, 0, 0, NOW());

INSERT INTO subject (year_of_study_id, name, semester, espb, number_of_lectures, number_of_practical_lectures, other_forms_of_lectures, research_works, other_lectures, created_at) VALUES (38, "Spatial databases", 4, 6, 20, 20, 0, 0, 0, NOW());

INSERT INTO subject (year_of_study_id, name, semester, espb, number_of_lectures, number_of_practical_lectures, other_forms_of_lectures, research_works, other_lectures, created_at) VALUES (38, "High performance computing", 4, 5, 20, 20, 0, 0, 0, NOW());

#Graphic Engineering and Design(Master)
INSERT INTO year_of_study (id, year, ordinal_number, study_program_id, created_at) VALUES (39,'2020-11-01', 1, 14, NOW());

# Subjects/Courses

# FIRST YEAR
# 1st semester
INSERT INTO subject (year_of_study_id, name, semester, espb, number_of_lectures, number_of_practical_lectures, other_forms_of_lectures, research_works, other_lectures, created_at) VALUES (39, "Graphic packaging", 1, 5, 20, 20, 0, 0, 0, NOW());

INSERT INTO subject (year_of_study_id, name, semester, espb, number_of_lectures, number_of_practical_lectures, other_forms_of_lectures, research_works, other_lectures, created_at) VALUES (39, "Spatial design", 1, 4, 20, 20, 0, 0, 0, NOW());

INSERT INTO subject (year_of_study_id, name, semester, espb, number_of_lectures, number_of_practical_lectures, other_forms_of_lectures, research_works, other_lectures, created_at) VALUES (39, "Graphic environment", 1, 5, 20, 20, 0, 0, 0, NOW());

INSERT INTO subject (year_of_study_id, name, semester, espb, number_of_lectures, number_of_practical_lectures, other_forms_of_lectures, research_works, other_lectures, created_at) VALUES (39, "Professional practice - master", 1, 6, 20, 20, 0, 0, 0, NOW());

# 2nd semester
INSERT INTO subject (year_of_study_id, name, semester, espb, number_of_lectures, number_of_practical_lectures, other_forms_of_lectures, research_works, other_lectures, created_at) VALUES (39, "Electronic publishing", 2, 6, 20, 20, 0, 0, 0, NOW());

INSERT INTO subject (year_of_study_id, name, semester, espb, number_of_lectures, number_of_practical_lectures, other_forms_of_lectures, research_works, other_lectures, created_at) VALUES (39, "Color management", 2, 7, 20, 20, 0, 0, 0, NOW());

INSERT INTO subject (year_of_study_id, name, semester, espb, number_of_lectures, number_of_practical_lectures, other_forms_of_lectures, research_works, other_lectures, created_at) VALUES (39, "Effective advertising", 2, 5, 20, 20, 0, 0, 0, NOW());

INSERT INTO subject (year_of_study_id, name, semester, espb, number_of_lectures, number_of_practical_lectures, other_forms_of_lectures, research_works, other_lectures, created_at) VALUES (39, "3D printing", 2, 6, 20, 20, 0, 0, 0, NOW());

#Biomedical Engineering(Master)
INSERT INTO year_of_study (id, year, ordinal_number, study_program_id, created_at) VALUES (40,'2020-11-01', 1, 15, NOW());

# Subjects/Courses

# FIRST YEAR
# 1st semester
INSERT INTO subject (year_of_study_id, name, semester, espb, number_of_lectures, number_of_practical_lectures, other_forms_of_lectures, research_works, other_lectures, created_at) VALUES (40, "Clinical medicine for engineers", 1, 5, 20, 20, 0, 0, 0, NOW());

INSERT INTO subject (year_of_study_id, name, semester, espb, number_of_lectures, number_of_practical_lectures, other_forms_of_lectures, research_works, other_lectures, created_at) VALUES (40, "Application of lasers in medicine", 1, 5, 20, 20, 0, 0, 0, NOW());

INSERT INTO subject (year_of_study_id, name, semester, espb, number_of_lectures, number_of_practical_lectures, other_forms_of_lectures, research_works, other_lectures, created_at) VALUES (40, "EMI and EMC in medical devices", 1, 4, 20, 20, 0, 0, 0, NOW());

INSERT INTO subject (year_of_study_id, name, semester, espb, number_of_lectures, number_of_practical_lectures, other_forms_of_lectures, research_works, other_lectures, created_at) VALUES (40, "Bioinformatics algorithms", 1, 7, 20, 20, 0, 0, 0, NOW());

# 2nd semester
INSERT INTO subject (year_of_study_id, name, semester, espb, number_of_lectures, number_of_practical_lectures, other_forms_of_lectures, research_works, other_lectures, created_at) VALUES (40, "Biomedical statistics", 2, 5, 20, 20, 0, 0, 0, NOW());

INSERT INTO subject (year_of_study_id, name, semester, espb, number_of_lectures, number_of_practical_lectures, other_forms_of_lectures, research_works, other_lectures, created_at) VALUES (40, "Information theory in biosystems", 2, 5, 20, 20, 0, 0, 0, NOW());

INSERT INTO subject (year_of_study_id, name, semester, espb, number_of_lectures, number_of_practical_lectures, other_forms_of_lectures, research_works, other_lectures, created_at) VALUES (40, "Diagnostic visualizations", 2, 4, 20, 20, 0, 0, 0, NOW());

INSERT INTO subject (year_of_study_id, name, semester, espb, number_of_lectures, number_of_practical_lectures, other_forms_of_lectures, research_works, other_lectures, created_at) VALUES (40, "Modeling of biophysical systems", 2, 7, 20, 20, 0, 0, 0, NOW());

#Architecture(Doctoral)
INSERT INTO year_of_study (id, year, ordinal_number, study_program_id, created_at) VALUES (41,'2020-11-01', 1, 16, NOW());
INSERT INTO year_of_study (id, year, ordinal_number, study_program_id, created_at) VALUES (42,'2021-11-01', 2, 16, NOW());
INSERT INTO year_of_study (id, year, ordinal_number, study_program_id, created_at) VALUES (43,'2022-11-01', 3, 16, NOW());

# Subjects/Courses

# FIRST YEAR
# 1st semester
INSERT INTO subject (year_of_study_id, name, semester, espb, number_of_lectures, number_of_practical_lectures, other_forms_of_lectures, research_works, other_lectures, created_at) VALUES (41, "Method of scientific work", 1, 5, 20, 20, 0, 0, 0, NOW());

INSERT INTO subject (year_of_study_id, name, semester, espb, number_of_lectures, number_of_practical_lectures, other_forms_of_lectures, research_works, other_lectures, created_at) VALUES (41, "Modern technologies in architecture and urbanism - selected chapters", 1, 5, 20, 20, 0, 0, 0, NOW());

INSERT INTO subject (year_of_study_id, name, semester, espb, number_of_lectures, number_of_practical_lectures, other_forms_of_lectures, research_works, other_lectures, created_at) VALUES (41, "Cultural heritage as an architectural and urban context", 1, 7, 20, 20, 0, 0, 0, NOW());

INSERT INTO subject (year_of_study_id, name, semester, espb, number_of_lectures, number_of_practical_lectures, other_forms_of_lectures, research_works, other_lectures, created_at) VALUES (41, "Geometric theories in the generation of architectural structures", 1, 5, 20, 20, 0, 0, 0, NOW());

# 2nd semester
INSERT INTO subject (year_of_study_id, name, semester, espb, number_of_lectures, number_of_practical_lectures, other_forms_of_lectures, research_works, other_lectures, created_at) VALUES (41, "Creative research in architecture and urbanism", 2, 7, 20, 20, 0, 0, 0, NOW());

INSERT INTO subject (year_of_study_id, name, semester, espb, number_of_lectures, number_of_practical_lectures, other_forms_of_lectures, research_works, other_lectures, created_at) VALUES (41, "Theoretical research in architecture and urbanism", 2, 6, 20, 20, 0, 0, 0, NOW());

INSERT INTO subject (year_of_study_id, name, semester, espb, number_of_lectures, number_of_practical_lectures, other_forms_of_lectures, research_works, other_lectures, created_at) VALUES (41, "Intelligent systems in architecture - ", 2, 6, 20, 20, 0, 0, 0, NOW());

INSERT INTO subject (year_of_study_id, name, semester, espb, number_of_lectures, number_of_practical_lectures, other_forms_of_lectures, research_works, other_lectures, created_at) VALUES (41, "Theoretical discourse in architecture - selected chapters,Current situation in the area", 2, 4, 20, 20, 0, 0, 0, NOW());

# SECOND YEAR
# 3rd semester
INSERT INTO subject (year_of_study_id, name, semester, espb, number_of_lectures, number_of_practical_lectures, other_forms_of_lectures, research_works, other_lectures, created_at) VALUES (42, "Development of the typology of architectural objects", 3, 5, 20, 20, 0, 0, 0, NOW());

INSERT INTO subject (year_of_study_id, name, semester, espb, number_of_lectures, number_of_practical_lectures, other_forms_of_lectures, research_works, other_lectures, created_at) VALUES (42, "Development of the typology of urban spaces ", 3, 6, 20, 20, 0, 0, 0, NOW());

INSERT INTO subject (year_of_study_id, name, semester, espb, number_of_lectures, number_of_practical_lectures, other_forms_of_lectures, research_works, other_lectures, created_at) VALUES (42, "Process", 3, 7, 20, 20, 0, 0, 0, NOW());

INSERT INTO subject (year_of_study_id, name, semester, espb, number_of_lectures, number_of_practical_lectures, other_forms_of_lectures, research_works, other_lectures, created_at) VALUES (42, "principles and techniques of scientific research ", 3, 4, 20, 20, 0, 0, 0, NOW());

# 4th semester
INSERT INTO subject (year_of_study_id, name, semester, espb, number_of_lectures, number_of_practical_lectures, other_forms_of_lectures, research_works, other_lectures, created_at) VALUES (42, "Dynamics and principles of functioning of modern cities and regions", 4, 4, 20, 20, 0, 0, 0, NOW());

INSERT INTO subject (year_of_study_id, name, semester, espb, number_of_lectures, number_of_practical_lectures, other_forms_of_lectures, research_works, other_lectures, created_at) VALUES (42, "Textual function of architecture and the city ", 4, 5, 20, 20, 0, 0, 0, NOW());

INSERT INTO subject (year_of_study_id, name, semester, espb, number_of_lectures, number_of_practical_lectures, other_forms_of_lectures, research_works, other_lectures, created_at) VALUES (42, "Performing Arts in Yugoslavia 1918-1990 ", 4, 7, 20, 20, 0, 0, 0, NOW());

INSERT INTO subject (year_of_study_id, name, semester, espb, number_of_lectures, number_of_practical_lectures, other_forms_of_lectures, research_works, other_lectures, created_at) VALUES (42, "Preparation of the application for the topic of the doctoral dissertation 1", 4, 5, 20, 20, 0, 0, 0, NOW());

# THIRD YEAR
# 5th semester
INSERT INTO subject (year_of_study_id, name, semester, espb, number_of_lectures, number_of_practical_lectures, other_forms_of_lectures, research_works, other_lectures, created_at) VALUES (43, "Stage function of architecture and city 1", 5, 5, 20, 20, 0, 0, 0, NOW());

INSERT INTO subject (year_of_study_id, name, semester, espb, number_of_lectures, number_of_practical_lectures, other_forms_of_lectures, research_works, other_lectures, created_at) VALUES (43, "Modern techniques of geometric representation of space", 5, 5, 20, 20, 0, 0, 0, NOW());

INSERT INTO subject (year_of_study_id, name, semester, espb, number_of_lectures, number_of_practical_lectures, other_forms_of_lectures, research_works, other_lectures, created_at) VALUES (43, "Space in performing arts 1", 5, 5, 20, 20, 0, 0, 0, NOW());

INSERT INTO subject (year_of_study_id, name, semester, espb, number_of_lectures, number_of_practical_lectures, other_forms_of_lectures, research_works, other_lectures, created_at) VALUES (43, "Cultural function of architecture and the city", 5, 6, 20, 20, 0, 0, 0, NOW());

# 6th semester
INSERT INTO subject (year_of_study_id, name, semester, espb, number_of_lectures, number_of_practical_lectures, other_forms_of_lectures, research_works, other_lectures, created_at) VALUES (43, "Space in performing arts 2", 6, 6, 20, 20, 0, 0, 0, NOW());

INSERT INTO subject (year_of_study_id, name, semester, espb, number_of_lectures, number_of_practical_lectures, other_forms_of_lectures, research_works, other_lectures, created_at) VALUES (43, "Stage function of architecture and city 2", 6, 7, 20, 20, 0, 0, 0, NOW());

INSERT INTO subject (year_of_study_id, name, semester, espb, number_of_lectures, number_of_practical_lectures, other_forms_of_lectures, research_works, other_lectures, created_at) VALUES (43, "Stage phenomena in contemporary art", 6, 5, 20, 20, 0, 0, 0, NOW());

INSERT INTO subject (year_of_study_id, name, semester, espb, number_of_lectures, number_of_practical_lectures, other_forms_of_lectures, research_works, other_lectures, created_at) VALUES (43, "Preparation of the application for the topic of the doctoral dissertation 2", 6, 7, 20, 20, 0, 0, 0, NOW());

#Mechatronics(Doctoral)
INSERT INTO year_of_study (id, year, ordinal_number, study_program_id, created_at) VALUES (44,'2020-11-01', 1, 17, NOW());
INSERT INTO year_of_study (id, year, ordinal_number, study_program_id, created_at) VALUES (45,'2021-11-01', 2, 17, NOW());
INSERT INTO year_of_study (id, year, ordinal_number, study_program_id, created_at) VALUES (46,'2022-11-01', 3, 17, NOW());

# Subjects/Courses

# FIRST YEAR
# 1st semester
INSERT INTO subject (year_of_study_id, name, semester, espb, number_of_lectures, number_of_practical_lectures, other_forms_of_lectures, research_works, other_lectures, created_at) VALUES (44, "Method of scientific work", 1, 5, 20, 20, 0, 0, 0, NOW());

INSERT INTO subject (year_of_study_id, name, semester, espb, number_of_lectures, number_of_practical_lectures, other_forms_of_lectures, research_works, other_lectures, created_at) VALUES (44, "Mathematics", 1, 5, 20, 20, 0, 0, 0, NOW());

INSERT INTO subject (year_of_study_id, name, semester, espb, number_of_lectures, number_of_practical_lectures, other_forms_of_lectures, research_works, other_lectures, created_at) VALUES (44, "Physics", 1, 7, 20, 20, 0, 0, 0, NOW());

INSERT INTO subject (year_of_study_id, name, semester, espb, number_of_lectures, number_of_practical_lectures, other_forms_of_lectures, research_works, other_lectures, created_at) VALUES (44, "Telecommunications and signal processing", 1, 5, 20, 20, 0, 0, 0, NOW());

# 2nd semester
INSERT INTO subject (year_of_study_id, name, semester, espb, number_of_lectures, number_of_practical_lectures, other_forms_of_lectures, research_works, other_lectures, created_at) VALUES (44, "Computer science", 2, 7, 20, 20, 0, 0, 0, NOW());

INSERT INTO subject (year_of_study_id, name, semester, espb, number_of_lectures, number_of_practical_lectures, other_forms_of_lectures, research_works, other_lectures, created_at) VALUES (44, "Mechanics", 2, 6, 20, 20, 0, 0, 0, NOW());

INSERT INTO subject (year_of_study_id, name, semester, espb, number_of_lectures, number_of_practical_lectures, other_forms_of_lectures, research_works, other_lectures, created_at) VALUES (44, "Mathematics 2", 2, 6, 20, 20, 0, 0, 0, NOW());

INSERT INTO subject (year_of_study_id, name, semester, espb, number_of_lectures, number_of_practical_lectures, other_forms_of_lectures, research_works, other_lectures, created_at) VALUES (44, "electric motor drives", 2, 4, 20, 20, 0, 0, 0, NOW());

# SECOND YEAR
# 3rd semester
INSERT INTO subject (year_of_study_id, name, semester, espb, number_of_lectures, number_of_practical_lectures, other_forms_of_lectures, research_works, other_lectures, created_at) VALUES (45, "Digital signal processing algorithms", 3, 5, 20, 20, 0, 0, 0, NOW());

INSERT INTO subject (year_of_study_id, name, semester, espb, number_of_lectures, number_of_practical_lectures, other_forms_of_lectures, research_works, other_lectures, created_at) VALUES (45, "Engineering experimental methods", 3, 6, 20, 20, 0, 0, 0, NOW());

INSERT INTO subject (year_of_study_id, name, semester, espb, number_of_lectures, number_of_practical_lectures, other_forms_of_lectures, research_works, other_lectures, created_at) VALUES (45, "programming", 3, 7, 20, 20, 0, 0, 0, NOW());

INSERT INTO subject (year_of_study_id, name, semester, espb, number_of_lectures, number_of_practical_lectures, other_forms_of_lectures, research_works, other_lectures, created_at) VALUES (45, "Research in the field of automatic identification technologies", 3, 4, 20, 20, 0, 0, 0, NOW());

# 4th semester
INSERT INTO subject (year_of_study_id, name, semester, espb, number_of_lectures, number_of_practical_lectures, other_forms_of_lectures, research_works, other_lectures, created_at) VALUES (45, "Motion management and implementation of MEMS", 4, 5, 20, 20, 0, 0, 0, NOW());

INSERT INTO subject (year_of_study_id, name, semester, espb, number_of_lectures, number_of_practical_lectures, other_forms_of_lectures, research_works, other_lectures, created_at) VALUES (45, "Non-industrial automation", 4, 7, 20, 20, 0, 0, 0, NOW());

INSERT INTO subject (year_of_study_id, name, semester, espb, number_of_lectures, number_of_practical_lectures, other_forms_of_lectures, research_works, other_lectures, created_at) VALUES (45, "industrial robotics", 4, 4, 20, 20, 0, 0, 0, NOW());

INSERT INTO subject (year_of_study_id, name, semester, espb, number_of_lectures, number_of_practical_lectures, other_forms_of_lectures, research_works, other_lectures, created_at) VALUES (45, "Advanced application of ICT in agriculture", 4, 7, 20, 20, 0, 0, 0, NOW());

# THIRD YEAR
# 5th semester
INSERT INTO subject (year_of_study_id, name, semester, espb, number_of_lectures, number_of_practical_lectures, other_forms_of_lectures, research_works, other_lectures, created_at) VALUES (46, "non-industrial robotics", 5, 6, 20, 20, 0, 0, 0, NOW());

INSERT INTO subject (year_of_study_id, name, semester, espb, number_of_lectures, number_of_practical_lectures, other_forms_of_lectures, research_works, other_lectures, created_at) VALUES (46, "work process automation", 5, 6, 20, 20, 0, 0, 0, NOW());

INSERT INTO subject (year_of_study_id, name, semester, espb, number_of_lectures, number_of_practical_lectures, other_forms_of_lectures, research_works, other_lectures, created_at) VALUES (46, "industrial robotics", 5, 4, 20, 20, 0, 0, 0, NOW());

INSERT INTO subject (year_of_study_id, name, semester, espb, number_of_lectures, number_of_practical_lectures, other_forms_of_lectures, research_works, other_lectures, created_at) VALUES (46, "Advanced application of ICT in agriculture", 5, 7, 20, 20, 0, 0, 0, NOW());

# 6th semester
INSERT INTO subject (year_of_study_id, name, semester, espb, number_of_lectures, number_of_practical_lectures, other_forms_of_lectures, research_works, other_lectures, created_at) VALUES (46, "Motion management and implementation of MEMS", 6, 3, 20, 20, 0, 0, 0, NOW());

INSERT INTO subject (year_of_study_id, name, semester, espb, number_of_lectures, number_of_practical_lectures, other_forms_of_lectures, research_works, other_lectures, created_at) VALUES (46, "Non-industrial automation 2", 6, 4, 20, 20, 0, 0, 0, NOW());

INSERT INTO subject (year_of_study_id, name, semester, espb, number_of_lectures, number_of_practical_lectures, other_forms_of_lectures, research_works, other_lectures, created_at) VALUES (46, "non-industrial robotics 2", 6, 7, 20, 20, 0, 0, 0, NOW());

INSERT INTO subject (year_of_study_id, name, semester, espb, number_of_lectures, number_of_practical_lectures, other_forms_of_lectures, research_works, other_lectures, created_at) VALUES (46, "work process automation 2", 6, 5, 20, 20, 0, 0, 0, NOW());

#Computing and Control Engineering(Doctoral)
INSERT INTO year_of_study (id, year, ordinal_number, study_program_id, created_at) VALUES (47,'2020-11-01', 1, 18, NOW());
INSERT INTO year_of_study (id, year, ordinal_number, study_program_id, created_at) VALUES (48,'2021-11-01', 2, 18, NOW());
INSERT INTO year_of_study (id, year, ordinal_number, study_program_id, created_at) VALUES (49,'2022-11-01', 3, 18, NOW());

# Subjects/Courses

# FIRST YEAR
# 1st semester
INSERT INTO subject (year_of_study_id, name, semester, espb, number_of_lectures, number_of_practical_lectures, other_forms_of_lectures, research_works, other_lectures, created_at) VALUES (47, "Scientific Research Method", 1, 5, 20, 20, 0, 0, 0, NOW());

INSERT INTO subject (year_of_study_id, name, semester, espb, number_of_lectures, number_of_practical_lectures, other_forms_of_lectures, research_works, other_lectures, created_at) VALUES (47, "Mathematics", 1, 5, 20, 20, 0, 0, 0, NOW());

INSERT INTO subject (year_of_study_id, name, semester, espb, number_of_lectures, number_of_practical_lectures, other_forms_of_lectures, research_works, other_lectures, created_at) VALUES (47, "Physics", 1, 7, 20, 20, 0, 0, 0, NOW());

INSERT INTO subject (year_of_study_id, name, semester, espb, number_of_lectures, number_of_practical_lectures, other_forms_of_lectures, research_works, other_lectures, created_at) VALUES (47, "Information Security", 1, 5, 20, 20, 0, 0, 0, NOW());

# 2nd semester
INSERT INTO subject (year_of_study_id, name, semester, espb, number_of_lectures, number_of_practical_lectures, other_forms_of_lectures, research_works, other_lectures, created_at) VALUES (47, "E-Government", 2, 7, 20, 20, 0, 0, 0, NOW());

INSERT INTO subject (year_of_study_id, name, semester, espb, number_of_lectures, number_of_practical_lectures, other_forms_of_lectures, research_works, other_lectures, created_at) VALUES (47, "Computer System Architectures", 2, 6, 20, 20, 0, 0, 0, NOW());

INSERT INTO subject (year_of_study_id, name, semester, espb, number_of_lectures, number_of_practical_lectures, other_forms_of_lectures, research_works, other_lectures, created_at) VALUES (47, "Mechanics 2", 2, 6, 20, 20, 0, 0, 0, NOW());

INSERT INTO subject (year_of_study_id, name, semester, espb, number_of_lectures, number_of_practical_lectures, other_forms_of_lectures, research_works, other_lectures, created_at) VALUES (47, "Computing", 2, 4, 20, 20, 0, 0, 0, NOW());

# SECOND YEAR
# 3rd semester
INSERT INTO subject (year_of_study_id, name, semester, espb, number_of_lectures, number_of_practical_lectures, other_forms_of_lectures, research_works, other_lectures, created_at) VALUES (48, "Telecommunications and Signal Processing	", 3, 5, 20, 20, 0, 0, 0, NOW());

INSERT INTO subject (year_of_study_id, name, semester, espb, number_of_lectures, number_of_practical_lectures, other_forms_of_lectures, research_works, other_lectures, created_at) VALUES (48, "Mathematics 2", 3, 6, 20, 20, 0, 0, 0, NOW());

INSERT INTO subject (year_of_study_id, name, semester, espb, number_of_lectures, number_of_practical_lectures, other_forms_of_lectures, research_works, other_lectures, created_at) VALUES (48, "Contemporary Software Development Methods", 3, 7, 20, 20, 0, 0, 0, NOW());

INSERT INTO subject (year_of_study_id, name, semester, espb, number_of_lectures, number_of_practical_lectures, other_forms_of_lectures, research_works, other_lectures, created_at) VALUES (48, "Scientific-research Activity managament", 3, 4, 20, 20, 0, 0, 0, NOW());

# 4th semester
INSERT INTO subject (year_of_study_id, name, semester, espb, number_of_lectures, number_of_practical_lectures, other_forms_of_lectures, research_works, other_lectures, created_at) VALUES (48, "Machine Learning", 4, 5, 20, 20, 0, 0, 0, NOW());

INSERT INTO subject (year_of_study_id, name, semester, espb, number_of_lectures, number_of_practical_lectures, other_forms_of_lectures, research_works, other_lectures, created_at) VALUES (48, "Software Standardization and Quality", 4, 7, 20, 20, 0, 0, 0, NOW());

INSERT INTO subject (year_of_study_id, name, semester, espb, number_of_lectures, number_of_practical_lectures, other_forms_of_lectures, research_works, other_lectures, created_at) VALUES (48, "Database Management", 4, 4, 20, 20, 0, 0, 0, NOW());

INSERT INTO subject (year_of_study_id, name, semester, espb, number_of_lectures, number_of_practical_lectures, other_forms_of_lectures, research_works, other_lectures, created_at) VALUES (48, "Optimization Methods", 4, 7, 20, 20, 0, 0, 0, NOW());

# THIRD YEAR
# 5th semester
INSERT INTO subject (year_of_study_id, name, semester, espb, number_of_lectures, number_of_practical_lectures, other_forms_of_lectures, research_works, other_lectures, created_at) VALUES (49, "Modeling and Simulation of Dynamic Systems", 5, 6, 20, 20, 0, 0, 0, NOW());

INSERT INTO subject (year_of_study_id, name, semester, espb, number_of_lectures, number_of_practical_lectures, other_forms_of_lectures, research_works, other_lectures, created_at) VALUES (49, "signals and systems", 5, 6, 20, 20, 0, 0, 0, NOW());

INSERT INTO subject (year_of_study_id, name, semester, espb, number_of_lectures, number_of_practical_lectures, other_forms_of_lectures, research_works, other_lectures, created_at) VALUES (49, "industrial robotics", 5, 4, 20, 20, 0, 0, 0, NOW());

INSERT INTO subject (year_of_study_id, name, semester, espb, number_of_lectures, number_of_practical_lectures, other_forms_of_lectures, research_works, other_lectures, created_at) VALUES (49, "Artificial Intelligence in Control and Signal Processing", 5, 7, 20, 20, 0, 0, 0, NOW());

# 6th semester
INSERT INTO subject (year_of_study_id, name, semester, espb, number_of_lectures, number_of_practical_lectures, other_forms_of_lectures, research_works, other_lectures, created_at) VALUES (49, "Advanced Software Architecture", 6, 3, 20, 20, 0, 0, 0, NOW());

INSERT INTO subject (year_of_study_id, name, semester, espb, number_of_lectures, number_of_practical_lectures, other_forms_of_lectures, research_works, other_lectures, created_at) VALUES (49, "Internet-Based Systems", 6, 4, 20, 20, 0, 0, 0, NOW());

INSERT INTO subject (year_of_study_id, name, semester, espb, number_of_lectures, number_of_practical_lectures, other_forms_of_lectures, research_works, other_lectures, created_at) VALUES (49, "Contemporary Software Development Methods", 6, 7, 20, 20, 0, 0, 0, NOW());

INSERT INTO subject (year_of_study_id, name, semester, espb, number_of_lectures, number_of_practical_lectures, other_forms_of_lectures, research_works, other_lectures, created_at) VALUES (49, "Scientific-research Activity managament", 6, 5, 20, 20, 0, 0, 0, NOW());


#Pedagogy
INSERT INTO year_of_study (id, year, ordinal_number, study_program_id, created_at) VALUES (50,'2020-11-01', 1, 19, NOW());
INSERT INTO year_of_study (id, year, ordinal_number, study_program_id, created_at) VALUES (51,'2021-11-01', 2, 19, NOW());
INSERT INTO year_of_study (id, year, ordinal_number, study_program_id, created_at) VALUES (52,'2022-11-01', 3, 19, NOW());
INSERT INTO year_of_study (id, year, ordinal_number, study_program_id, created_at) VALUES (53,'2023-11-01', 4, 19, NOW());

# Subjects/Courses

# FIRST YEAR
# 1st semester
INSERT INTO subject (year_of_study_id, name, semester, espb, number_of_lectures, number_of_practical_lectures, other_forms_of_lectures, research_works, other_lectures, created_at) VALUES (50, "General psychology", 1, 5, 20, 20, 0, 0, 0, NOW());

INSERT INTO subject (year_of_study_id, name, semester, espb, number_of_lectures, number_of_practical_lectures, other_forms_of_lectures, research_works, other_lectures, created_at) VALUES (50, "Statistics in pedagogy", 1, 5, 20, 20, 0, 0, 0, NOW());

INSERT INTO subject (year_of_study_id, name, semester, espb, number_of_lectures, number_of_practical_lectures, other_forms_of_lectures, research_works, other_lectures, created_at) VALUES (50, "Introduction to pedagogy", 1, 7, 20, 20, 0, 0, 0, NOW());

INSERT INTO subject (year_of_study_id, name, semester, espb, number_of_lectures, number_of_practical_lectures, other_forms_of_lectures, research_works, other_lectures, created_at) VALUES (50, "Introduction to philosophy", 1, 5, 20, 20, 0, 0, 0, NOW());

# 2nd semester
INSERT INTO subject (year_of_study_id, name, semester, espb, number_of_lectures, number_of_practical_lectures, other_forms_of_lectures, research_works, other_lectures, created_at) VALUES (50, "Logic with general methodology", 2, 7, 20, 20, 0, 0, 0, NOW());

INSERT INTO subject (year_of_study_id, name, semester, espb, number_of_lectures, number_of_practical_lectures, other_forms_of_lectures, research_works, other_lectures, created_at) VALUES (50, "Personality psychology", 2, 6, 20, 20, 0, 0, 0, NOW());

INSERT INTO subject (year_of_study_id, name, semester, espb, number_of_lectures, number_of_practical_lectures, other_forms_of_lectures, research_works, other_lectures, created_at) VALUES (50, "The system of upbringing and education in Serbia", 2, 6, 20, 20, 0, 0, 0, NOW());

INSERT INTO subject (year_of_study_id, name, semester, espb, number_of_lectures, number_of_practical_lectures, other_forms_of_lectures, research_works, other_lectures, created_at) VALUES (50, "System of pedagogical disciplines", 2, 4, 20, 20, 0, 0, 0, NOW());

# SECOND YEAR
# 3rd semester
INSERT INTO subject (year_of_study_id, name, semester, espb, number_of_lectures, number_of_practical_lectures, other_forms_of_lectures, research_works, other_lectures, created_at) VALUES (51, "Family pedagogy", 3, 5, 20, 20, 0, 0, 0, NOW());

INSERT INTO subject (year_of_study_id, name, semester, espb, number_of_lectures, number_of_practical_lectures, other_forms_of_lectures, research_works, other_lectures, created_at) VALUES (51, "Pedagogical psychology", 3, 6, 20, 20, 0, 0, 0, NOW());

INSERT INTO subject (year_of_study_id, name, semester, espb, number_of_lectures, number_of_practical_lectures, other_forms_of_lectures, research_works, other_lectures, created_at) VALUES (51, "English 1", 3, 7, 20, 20, 0, 0, 0, NOW());

INSERT INTO subject (year_of_study_id, name, semester, espb, number_of_lectures, number_of_practical_lectures, other_forms_of_lectures, research_works, other_lectures, created_at) VALUES (51, "Russian 1", 3, 4, 20, 20, 0, 0, 0, NOW());

# 4th semester
INSERT INTO subject (year_of_study_id, name, semester, espb, number_of_lectures, number_of_practical_lectures, other_forms_of_lectures, research_works, other_lectures, created_at) VALUES (51, "History of pedagogical ideas", 4, 4, 20, 20, 0, 0, 0, NOW());

INSERT INTO subject (year_of_study_id, name, semester, espb, number_of_lectures, number_of_practical_lectures, other_forms_of_lectures, research_works, other_lectures, created_at) VALUES (51, "General pedagogy", 4, 5, 20, 20, 0, 0, 0, NOW());

INSERT INTO subject (year_of_study_id, name, semester, espb, number_of_lectures, number_of_practical_lectures, other_forms_of_lectures, research_works, other_lectures, created_at) VALUES (51, "Italian 1", 4, 7, 20, 20, 0, 0, 0, NOW());

INSERT INTO subject (year_of_study_id, name, semester, espb, number_of_lectures, number_of_practical_lectures, other_forms_of_lectures, research_works, other_lectures, created_at) VALUES (51, "German 1", 4, 5, 20, 20, 0, 0, 0, NOW());

# THIRD YEAR
# 5th semester
INSERT INTO subject (year_of_study_id, name, semester, espb, number_of_lectures, number_of_practical_lectures, other_forms_of_lectures, research_works, other_lectures, created_at) VALUES (52, "Andragogy", 5, 5, 20, 20, 0, 0, 0, NOW());

INSERT INTO subject (year_of_study_id, name, semester, espb, number_of_lectures, number_of_practical_lectures, other_forms_of_lectures, research_works, other_lectures, created_at) VALUES (52, "Development of education and pedagogy in Serbia", 5, 5, 20, 20, 0, 0, 0, NOW());

INSERT INTO subject (year_of_study_id, name, semester, espb, number_of_lectures, number_of_practical_lectures, other_forms_of_lectures, research_works, other_lectures, created_at) VALUES (52, "Didactics", 5, 5, 20, 20, 0, 0, 0, NOW());

INSERT INTO subject (year_of_study_id, name, semester, espb, number_of_lectures, number_of_practical_lectures, other_forms_of_lectures, research_works, other_lectures, created_at) VALUES (52, "Methodology of pedagogical research", 5, 6, 20, 20, 0, 0, 0, NOW());

# 6th semester
INSERT INTO subject (year_of_study_id, name, semester, espb, number_of_lectures, number_of_practical_lectures, other_forms_of_lectures, research_works, other_lectures, created_at) VALUES (52, "Preschool pedagogy", 6, 6, 20, 20, 0, 0, 0, NOW());

INSERT INTO subject (year_of_study_id, name, semester, espb, number_of_lectures, number_of_practical_lectures, other_forms_of_lectures, research_works, other_lectures, created_at) VALUES (52, "School pedagogy", 6, 7, 20, 20, 0, 0, 0, NOW());

INSERT INTO subject (year_of_study_id, name, semester, espb, number_of_lectures, number_of_practical_lectures, other_forms_of_lectures, research_works, other_lectures, created_at) VALUES (52, "English", 6, 5, 20, 20, 0, 0, 0, NOW());

INSERT INTO subject (year_of_study_id, name, semester, espb, number_of_lectures, number_of_practical_lectures, other_forms_of_lectures, research_works, other_lectures, created_at) VALUES (52, "Professional practice", 6, 7, 20, 20, 0, 0, 0, NOW());

# FOURTH YEAR
# 7th semester

INSERT INTO subject (year_of_study_id, name, semester, espb, number_of_lectures, number_of_practical_lectures, other_forms_of_lectures, research_works, other_lectures, created_at) VALUES (53, "Language and education", 7, 6, 20, 20, 0, 0, 0, NOW());

INSERT INTO subject (year_of_study_id, name, semester, espb, number_of_lectures, number_of_practical_lectures, other_forms_of_lectures, research_works, other_lectures, created_at) VALUES (53, "Methodology of school pedagogue work", 7, 5, 20, 20, 0, 0, 0, NOW());

INSERT INTO subject (year_of_study_id, name, semester, espb, number_of_lectures, number_of_practical_lectures, other_forms_of_lectures, research_works, other_lectures, created_at) VALUES (53, "English", 7, 4, 20, 20, 0, 0, 0, NOW());

INSERT INTO subject (year_of_study_id, name, semester, espb, number_of_lectures, number_of_practical_lectures, other_forms_of_lectures, research_works, other_lectures, created_at) VALUES (53, "German", 7, 7, 20, 20, 0, 0, 0, NOW());

# 8th semester

INSERT INTO subject (year_of_study_id, name, semester, espb, number_of_lectures, number_of_practical_lectures, other_forms_of_lectures, research_works, other_lectures, created_at) VALUES (53, "Program development and evaluation", 8, 5, 20, 20, 0, 0, 0, NOW());

INSERT INTO subject (year_of_study_id, name, semester, espb, number_of_lectures, number_of_practical_lectures, other_forms_of_lectures, research_works, other_lectures, created_at) VALUES (53, "Contemporary pedagogical directions", 8, 6, 20, 20, 0, 0, 0, NOW());

INSERT INTO subject (year_of_study_id, name, semester, espb, number_of_lectures, number_of_practical_lectures, other_forms_of_lectures, research_works, other_lectures, created_at) VALUES (53, "Professional practice", 8, 6, 20, 20, 0, 0, 0, NOW());

INSERT INTO subject (year_of_study_id, name, semester, espb, number_of_lectures, number_of_practical_lectures, other_forms_of_lectures, research_works, other_lectures, created_at) VALUES (53, "English", 8, 5, 20, 20, 0, 0, 0, NOW());


#Psychology
INSERT INTO year_of_study (id, year, ordinal_number, study_program_id, created_at) VALUES (54,'2020-11-01', 1, 20, NOW());
INSERT INTO year_of_study (id, year, ordinal_number, study_program_id, created_at) VALUES (55,'2021-11-01', 2, 20, NOW());
INSERT INTO year_of_study (id, year, ordinal_number, study_program_id, created_at) VALUES (56,'2022-11-01', 3, 20, NOW());
INSERT INTO year_of_study (id, year, ordinal_number, study_program_id, created_at) VALUES (57,'2023-11-01', 4, 20, NOW());

# Subjects/Courses

# FIRST YEAR
# 1st semester
INSERT INTO subject (year_of_study_id, name, semester, espb, number_of_lectures, number_of_practical_lectures, other_forms_of_lectures, research_works, other_lectures, created_at) VALUES (54, "Physiological bases of psychic phenomena 1", 1, 5, 20, 20, 0, 0, 0, NOW());

INSERT INTO subject (year_of_study_id, name, semester, espb, number_of_lectures, number_of_practical_lectures, other_forms_of_lectures, research_works, other_lectures, created_at) VALUES (54, "Experimental research methodology and code of ethics", 1, 5, 20, 20, 0, 0, 0, NOW());

INSERT INTO subject (year_of_study_id, name, semester, espb, number_of_lectures, number_of_practical_lectures, other_forms_of_lectures, research_works, other_lectures, created_at) VALUES (54, "Fundamentals of human genetics", 1, 7, 20, 20, 0, 0, 0, NOW());

INSERT INTO subject (year_of_study_id, name, semester, espb, number_of_lectures, number_of_practical_lectures, other_forms_of_lectures, research_works, other_lectures, created_at) VALUES (54, "Psychology of perception", 1, 5, 20, 20, 0, 0, 0, NOW());

# 2nd semester
INSERT INTO subject (year_of_study_id, name, semester, espb, number_of_lectures, number_of_practical_lectures, other_forms_of_lectures, research_works, other_lectures, created_at) VALUES (54, "Introduction to psychology", 2, 7, 20, 20, 0, 0, 0, NOW());

INSERT INTO subject (year_of_study_id, name, semester, espb, number_of_lectures, number_of_practical_lectures, other_forms_of_lectures, research_works, other_lectures, created_at) VALUES (54, "Introduction to statistics", 2, 6, 20, 20, 0, 0, 0, NOW());

INSERT INTO subject (year_of_study_id, name, semester, espb, number_of_lectures, number_of_practical_lectures, other_forms_of_lectures, research_works, other_lectures, created_at) VALUES (54, "Physiological bases of psychic phenomena 2", 2, 6, 20, 20, 0, 0, 0, NOW());

INSERT INTO subject (year_of_study_id, name, semester, espb, number_of_lectures, number_of_practical_lectures, other_forms_of_lectures, research_works, other_lectures, created_at) VALUES (54, "Correlation research methodology and code of ethics", 2, 4, 20, 20, 0, 0, 0, NOW());

# SECOND YEAR
# 3rd semester
INSERT INTO subject (year_of_study_id, name, semester, espb, number_of_lectures, number_of_practical_lectures, other_forms_of_lectures, research_works, other_lectures, created_at) VALUES (55, "Advanced statistics", 3, 5, 20, 20, 0, 0, 0, NOW());

INSERT INTO subject (year_of_study_id, name, semester, espb, number_of_lectures, number_of_practical_lectures, other_forms_of_lectures, research_works, other_lectures, created_at) VALUES (55, "Learning and memory", 3, 6, 20, 20, 0, 0, 0, NOW());

INSERT INTO subject (year_of_study_id, name, semester, espb, number_of_lectures, number_of_practical_lectures, other_forms_of_lectures, research_works, other_lectures, created_at) VALUES (55, "Introduction to cognitive neuroscience", 3, 7, 20, 20, 0, 0, 0, NOW());

INSERT INTO subject (year_of_study_id, name, semester, espb, number_of_lectures, number_of_practical_lectures, other_forms_of_lectures, research_works, other_lectures, created_at) VALUES (55, "Cognitive processes", 3, 4, 20, 20, 0, 0, 0, NOW());

# 4th semester
INSERT INTO subject (year_of_study_id, name, semester, espb, number_of_lectures, number_of_practical_lectures, other_forms_of_lectures, research_works, other_lectures, created_at) VALUES (55, "Motivation and emotions", 4, 4, 20, 20, 0, 0, 0, NOW());

INSERT INTO subject (year_of_study_id, name, semester, espb, number_of_lectures, number_of_practical_lectures, other_forms_of_lectures, research_works, other_lectures, created_at) VALUES (55, "Multivariate analysis", 4, 5, 20, 20, 0, 0, 0, NOW());

INSERT INTO subject (year_of_study_id, name, semester, espb, number_of_lectures, number_of_practical_lectures, other_forms_of_lectures, research_works, other_lectures, created_at) VALUES (55, "Psychometry 1", 4, 7, 20, 20, 0, 0, 0, NOW());

INSERT INTO subject (year_of_study_id, name, semester, espb, number_of_lectures, number_of_practical_lectures, other_forms_of_lectures, research_works, other_lectures, created_at) VALUES (55, "Developmental psychology", 4, 5, 20, 20, 0, 0, 0, NOW());

# THIRD YEAR
# 5th semester
INSERT INTO subject (year_of_study_id, name, semester, espb, number_of_lectures, number_of_practical_lectures, other_forms_of_lectures, research_works, other_lectures, created_at) VALUES (56, "Fundamentals of personality psychology", 5, 5, 20, 20, 0, 0, 0, NOW());

INSERT INTO subject (year_of_study_id, name, semester, espb, number_of_lectures, number_of_practical_lectures, other_forms_of_lectures, research_works, other_lectures, created_at) VALUES (56, "Fundamentals of social psychology", 5, 5, 20, 20, 0, 0, 0, NOW());

INSERT INTO subject (year_of_study_id, name, semester, espb, number_of_lectures, number_of_practical_lectures, other_forms_of_lectures, research_works, other_lectures, created_at) VALUES (56, "Psychology of intelligence", 5, 5, 20, 20, 0, 0, 0, NOW());

INSERT INTO subject (year_of_study_id, name, semester, espb, number_of_lectures, number_of_practical_lectures, other_forms_of_lectures, research_works, other_lectures, created_at) VALUES (56, "Basics of mental health", 5, 6, 20, 20, 0, 0, 0, NOW());

# 6th semester
INSERT INTO subject (year_of_study_id, name, semester, espb, number_of_lectures, number_of_practical_lectures, other_forms_of_lectures, research_works, other_lectures, created_at) VALUES (56, "Psychometry 2", 6, 6, 20, 20, 0, 0, 0, NOW());

INSERT INTO subject (year_of_study_id, name, semester, espb, number_of_lectures, number_of_practical_lectures, other_forms_of_lectures, research_works, other_lectures, created_at) VALUES (56, "Basics of psychopathology", 6, 7, 20, 20, 0, 0, 0, NOW());

INSERT INTO subject (year_of_study_id, name, semester, espb, number_of_lectures, number_of_practical_lectures, other_forms_of_lectures, research_works, other_lectures, created_at) VALUES (56, "Basics of psychotherapy", 6, 5, 20, 20, 0, 0, 0, NOW());

INSERT INTO subject (year_of_study_id, name, semester, espb, number_of_lectures, number_of_practical_lectures, other_forms_of_lectures, research_works, other_lectures, created_at) VALUES (56, "Schools and directions in psychology", 6, 7, 20, 20, 0, 0, 0, NOW());

# FOURTH YEAR
# 7th semester

INSERT INTO subject (year_of_study_id, name, semester, espb, number_of_lectures, number_of_practical_lectures, other_forms_of_lectures, research_works, other_lectures, created_at) VALUES (57, "Fundamentals of industrial / organizational psychology", 7, 6, 20, 20, 0, 0, 0, NOW());

INSERT INTO subject (year_of_study_id, name, semester, espb, number_of_lectures, number_of_practical_lectures, other_forms_of_lectures, research_works, other_lectures, created_at) VALUES (57, "Fundamentals of clinical psychology", 7, 5, 20, 20, 0, 0, 0, NOW());

INSERT INTO subject (year_of_study_id, name, semester, espb, number_of_lectures, number_of_practical_lectures, other_forms_of_lectures, research_works, other_lectures, created_at) VALUES (57, "Fundamentals of pedagogical psychology", 7, 4, 20, 20, 0, 0, 0, NOW());

INSERT INTO subject (year_of_study_id, name, semester, espb, number_of_lectures, number_of_practical_lectures, other_forms_of_lectures, research_works, other_lectures, created_at) VALUES (57, "Fundamentals of marketing psychology", 7, 7, 20, 20, 0, 0, 0, NOW());

# 8th semester

INSERT INTO subject (year_of_study_id, name, semester, espb, number_of_lectures, number_of_practical_lectures, other_forms_of_lectures, research_works, other_lectures, created_at) VALUES (57, "Political psychology", 8, 5, 20, 20, 0, 0, 0, NOW());

INSERT INTO subject (year_of_study_id, name, semester, espb, number_of_lectures, number_of_practical_lectures, other_forms_of_lectures, research_works, other_lectures, created_at) VALUES (57, "Full differences", 8, 6, 20, 20, 0, 0, 0, NOW());

INSERT INTO subject (year_of_study_id, name, semester, espb, number_of_lectures, number_of_practical_lectures, other_forms_of_lectures, research_works, other_lectures, created_at) VALUES (57, "Psychology of trauma and loss", 8, 6, 20, 20, 0, 0, 0, NOW());

INSERT INTO subject (year_of_study_id, name, semester, espb, number_of_lectures, number_of_practical_lectures, other_forms_of_lectures, research_works, other_lectures, created_at) VALUES (57, "Psychotherapeutic modalities", 8, 5, 20, 20, 0, 0, 0, NOW());

#Socilogy
INSERT INTO year_of_study (id, year, ordinal_number, study_program_id, created_at) VALUES (58,'2020-11-01', 1, 21, NOW());
INSERT INTO year_of_study (id, year, ordinal_number, study_program_id, created_at) VALUES (59,'2021-11-01', 2, 21, NOW());
INSERT INTO year_of_study (id, year, ordinal_number, study_program_id, created_at) VALUES (60,'2022-11-01', 3, 21, NOW());
INSERT INTO year_of_study (id, year, ordinal_number, study_program_id, created_at) VALUES (61,'2023-11-01', 4, 21, NOW());

# Subjects/Courses

# FIRST YEAR
# 1st semester
INSERT INTO subject (year_of_study_id, name, semester, espb, number_of_lectures, number_of_practical_lectures, other_forms_of_lectures, research_works, other_lectures, created_at) VALUES (58, "English", 1, 5, 20, 20, 0, 0, 0, NOW());

INSERT INTO subject (year_of_study_id, name, semester, espb, number_of_lectures, number_of_practical_lectures, other_forms_of_lectures, research_works, other_lectures, created_at) VALUES (58, "German", 1, 5, 20, 20, 0, 0, 0, NOW());

INSERT INTO subject (year_of_study_id, name, semester, espb, number_of_lectures, number_of_practical_lectures, other_forms_of_lectures, research_works, other_lectures, created_at) VALUES (58, "General history of the 19th and 20th centuries", 1, 7, 20, 20, 0, 0, 0, NOW());

INSERT INTO subject (year_of_study_id, name, semester, espb, number_of_lectures, number_of_practical_lectures, other_forms_of_lectures, research_works, other_lectures, created_at) VALUES (58, "Fundamentals of philosophy and methodology of science", 1, 5, 20, 20, 0, 0, 0, NOW());

# 2nd semester
INSERT INTO subject (year_of_study_id, name, semester, espb, number_of_lectures, number_of_practical_lectures, other_forms_of_lectures, research_works, other_lectures, created_at) VALUES (58, "Social history - Europe and the Balkans in the 19th and 20th centuries", 2, 7, 20, 20, 0, 0, 0, NOW());

INSERT INTO subject (year_of_study_id, name, semester, espb, number_of_lectures, number_of_practical_lectures, other_forms_of_lectures, research_works, other_lectures, created_at) VALUES (58, "Classical sociological theories", 2, 6, 20, 20, 0, 0, 0, NOW());

INSERT INTO subject (year_of_study_id, name, semester, espb, number_of_lectures, number_of_practical_lectures, other_forms_of_lectures, research_works, other_lectures, created_at) VALUES (58, "Social demography", 2, 6, 20, 20, 0, 0, 0, NOW());

INSERT INTO subject (year_of_study_id, name, semester, espb, number_of_lectures, number_of_practical_lectures, other_forms_of_lectures, research_works, other_lectures, created_at) VALUES (58, "Social psychology", 2, 4, 20, 20, 0, 0, 0, NOW());

# SECOND YEAR
# 3rd semester
INSERT INTO subject (year_of_study_id, name, semester, espb, number_of_lectures, number_of_practical_lectures, other_forms_of_lectures, research_works, other_lectures, created_at) VALUES (59, "Introduction to sociology", 3, 5, 20, 20, 0, 0, 0, NOW());

INSERT INTO subject (year_of_study_id, name, semester, espb, number_of_lectures, number_of_practical_lectures, other_forms_of_lectures, research_works, other_lectures, created_at) VALUES (59, "Introduction to sociocultural anthropology", 3, 6, 20, 20, 0, 0, 0, NOW());

INSERT INTO subject (year_of_study_id, name, semester, espb, number_of_lectures, number_of_practical_lectures, other_forms_of_lectures, research_works, other_lectures, created_at) VALUES (59, "Fundamentals of economics", 3, 7, 20, 20, 0, 0, 0, NOW());

INSERT INTO subject (year_of_study_id, name, semester, espb, number_of_lectures, number_of_practical_lectures, other_forms_of_lectures, research_works, other_lectures, created_at) VALUES (59, "Contemporary sociological theories", 3, 4, 20, 20, 0, 0, 0, NOW());

# 4th semester
INSERT INTO subject (year_of_study_id, name, semester, espb, number_of_lectures, number_of_practical_lectures, other_forms_of_lectures, research_works, other_lectures, created_at) VALUES (59, "Sociology of culture", 4, 4, 20, 20, 0, 0, 0, NOW());

INSERT INTO subject (year_of_study_id, name, semester, espb, number_of_lectures, number_of_practical_lectures, other_forms_of_lectures, research_works, other_lectures, created_at) VALUES (59, "Sociology of religion", 4, 5, 20, 20, 0, 0, 0, NOW());

INSERT INTO subject (year_of_study_id, name, semester, espb, number_of_lectures, number_of_practical_lectures, other_forms_of_lectures, research_works, other_lectures, created_at) VALUES (59, "English 2", 4, 7, 20, 20, 0, 0, 0, NOW());

INSERT INTO subject (year_of_study_id, name, semester, espb, number_of_lectures, number_of_practical_lectures, other_forms_of_lectures, research_works, other_lectures, created_at) VALUES (59, "German 2", 4, 5, 20, 20, 0, 0, 0, NOW());

# THIRD YEAR
# 5th semester
INSERT INTO subject (year_of_study_id, name, semester, espb, number_of_lectures, number_of_practical_lectures, other_forms_of_lectures, research_works, other_lectures, created_at) VALUES (60, "Sociology of social deviations - crime", 5, 4, 20, 20, 0, 0, 0, NOW());

INSERT INTO subject (year_of_study_id, name, semester, espb, number_of_lectures, number_of_practical_lectures, other_forms_of_lectures, research_works, other_lectures, created_at) VALUES (60, "Sociological research methodology ", 5, 7, 20, 20, 0, 0, 0, NOW());

INSERT INTO subject (year_of_study_id, name, semester, espb, number_of_lectures, number_of_practical_lectures, other_forms_of_lectures, research_works, other_lectures, created_at) VALUES (60, "Statistics in social research - basics", 5, 5, 20, 20, 0, 0, 0, NOW());

INSERT INTO subject (year_of_study_id, name, semester, espb, number_of_lectures, number_of_practical_lectures, other_forms_of_lectures, research_works, other_lectures, created_at) VALUES (60, "Theory of social structure and system", 5, 7, 20, 20, 0, 0, 0, NOW());

# 6th semester
INSERT INTO subject (year_of_study_id, name, semester, espb, number_of_lectures, number_of_practical_lectures, other_forms_of_lectures, research_works, other_lectures, created_at) VALUES (60, "Sociological research methodology II", 6, 4, 20, 20, 0, 0, 0, NOW());

INSERT INTO subject (year_of_study_id, name, semester, espb, number_of_lectures, number_of_practical_lectures, other_forms_of_lectures, research_works, other_lectures, created_at) VALUES (60, "Fundamentals of work sociology", 6, 5, 20, 20, 0, 0, 0, NOW());

INSERT INTO subject (year_of_study_id, name, semester, espb, number_of_lectures, number_of_practical_lectures, other_forms_of_lectures, research_works, other_lectures, created_at) VALUES (60, "Sociology of mental disorders", 6, 6, 20, 20, 0, 0, 0, NOW());

INSERT INTO subject (year_of_study_id, name, semester, espb, number_of_lectures, number_of_practical_lectures, other_forms_of_lectures, research_works, other_lectures, created_at) VALUES (60, "Statistics in social research - analysis", 6, 5, 20, 20, 0, 0, 0, NOW());

# FOURTH YEAR
# 7th semester

INSERT INTO subject (year_of_study_id, name, semester, espb, number_of_lectures, number_of_practical_lectures, other_forms_of_lectures, research_works, other_lectures, created_at) VALUES (61, "Theories of social change", 7, 6, 20, 20, 0, 0, 0, NOW());

INSERT INTO subject (year_of_study_id, name, semester, espb, number_of_lectures, number_of_practical_lectures, other_forms_of_lectures, research_works, other_lectures, created_at) VALUES (61, "Sociology of settlements - sociology of villages", 7, 6, 20, 20, 0, 0, 0, NOW());

INSERT INTO subject (year_of_study_id, name, semester, espb, number_of_lectures, number_of_practical_lectures, other_forms_of_lectures, research_works, other_lectures, created_at) VALUES (61, "Fundamentals of economics", 7, 5, 20, 20, 0, 0, 0, NOW());

INSERT INTO subject (year_of_study_id, name, semester, espb, number_of_lectures, number_of_practical_lectures, other_forms_of_lectures, research_works, other_lectures, created_at) VALUES (61, "Contemporary sociological theories", 7, 5, 20, 20, 0, 0, 0, NOW());

# 8th semester

INSERT INTO subject (year_of_study_id, name, semester, espb, number_of_lectures, number_of_practical_lectures, other_forms_of_lectures, research_works, other_lectures, created_at) VALUES (61, "Sociology of culture", 8, 4, 20, 20, 0, 0, 0, NOW());

INSERT INTO subject (year_of_study_id, name, semester, espb, number_of_lectures, number_of_practical_lectures, other_forms_of_lectures, research_works, other_lectures, created_at) VALUES (61, "Theory of social structure and system", 8, 7, 20, 20, 0, 0, 0, NOW());

INSERT INTO subject (year_of_study_id, name, semester, espb, number_of_lectures, number_of_practical_lectures, other_forms_of_lectures, research_works, other_lectures, created_at) VALUES (61, "Statistics in social research - basics 2", 8, 5, 20, 20, 0, 0, 0, NOW());

INSERT INTO subject (year_of_study_id, name, semester, espb, number_of_lectures, number_of_practical_lectures, other_forms_of_lectures, research_works, other_lectures, created_at) VALUES (61, "English", 8, 6, 20, 20, 0, 0, 0, NOW());

#Philosophy
INSERT INTO year_of_study (id, year, ordinal_number, study_program_id, created_at) VALUES (62,'2020-11-01', 1, 22, NOW());
INSERT INTO year_of_study (id, year, ordinal_number, study_program_id, created_at) VALUES (63,'2021-11-01', 2, 22, NOW());
INSERT INTO year_of_study (id, year, ordinal_number, study_program_id, created_at) VALUES (64,'2022-11-01', 3, 22, NOW());
INSERT INTO year_of_study (id, year, ordinal_number, study_program_id, created_at) VALUES (65,'2023-11-01', 4, 22, NOW());

# Subjects/Courses

# FIRST YEAR
# 1st semester
INSERT INTO subject (year_of_study_id, name, semester, espb, number_of_lectures, number_of_practical_lectures, other_forms_of_lectures, research_works, other_lectures, created_at) VALUES (62, "History of Philosophy Ia ", 1, 5, 20, 20, 0, 0, 0, NOW());

INSERT INTO subject (year_of_study_id, name, semester, espb, number_of_lectures, number_of_practical_lectures, other_forms_of_lectures, research_works, other_lectures, created_at) VALUES (62, "Introduction to philosophy and critical thinking", 1, 5, 20, 20, 0, 0, 0, NOW());

INSERT INTO subject (year_of_study_id, name, semester, espb, number_of_lectures, number_of_practical_lectures, other_forms_of_lectures, research_works, other_lectures, created_at) VALUES (62, "Logic", 1, 7, 20, 20, 0, 0, 0, NOW());

INSERT INTO subject (year_of_study_id, name, semester, espb, number_of_lectures, number_of_practical_lectures, other_forms_of_lectures, research_works, other_lectures, created_at) VALUES (62, "History of Philosophy Ib ", 1, 5, 20, 20, 0, 0, 0, NOW());

# 2nd semester
INSERT INTO subject (year_of_study_id, name, semester, espb, number_of_lectures, number_of_practical_lectures, other_forms_of_lectures, research_works, other_lectures, created_at) VALUES (62, "Elective Philosophical 1 ", 2, 7, 20, 20, 0, 0, 0, NOW());

INSERT INTO subject (year_of_study_id, name, semester, espb, number_of_lectures, number_of_practical_lectures, other_forms_of_lectures, research_works, other_lectures, created_at) VALUES (62, "Introduction to metaphysics", 2, 6, 20, 20, 0, 0, 0, NOW());

INSERT INTO subject (year_of_study_id, name, semester, espb, number_of_lectures, number_of_practical_lectures, other_forms_of_lectures, research_works, other_lectures, created_at) VALUES (62, "Introduction to the philosophy of religion", 2, 6, 20, 20, 0, 0, 0, NOW());

INSERT INTO subject (year_of_study_id, name, semester, espb, number_of_lectures, number_of_practical_lectures, other_forms_of_lectures, research_works, other_lectures, created_at) VALUES (62, "English  1", 2, 4, 20, 20, 0, 0, 0, NOW());

# SECOND YEAR
# 3rd semester
INSERT INTO subject (year_of_study_id, name, semester, espb, number_of_lectures, number_of_practical_lectures, other_forms_of_lectures, research_works, other_lectures, created_at) VALUES (63, "German 1", 3, 5, 20, 20, 0, 0, 0, NOW());

INSERT INTO subject (year_of_study_id, name, semester, espb, number_of_lectures, number_of_practical_lectures, other_forms_of_lectures, research_works, other_lectures, created_at) VALUES (63, "Spanish 1", 3, 6, 20, 20, 0, 0, 0, NOW());

INSERT INTO subject (year_of_study_id, name, semester, espb, number_of_lectures, number_of_practical_lectures, other_forms_of_lectures, research_works, other_lectures, created_at) VALUES (63, "Elective Philosophical 2", 3, 7, 20, 20, 0, 0, 0, NOW());

INSERT INTO subject (year_of_study_id, name, semester, espb, number_of_lectures, number_of_practical_lectures, other_forms_of_lectures, research_works, other_lectures, created_at) VALUES (63, "Introduction to policy issues", 3, 4, 20, 20, 0, 0, 0, NOW());

# 4th semester
INSERT INTO subject (year_of_study_id, name, semester, espb, number_of_lectures, number_of_practical_lectures, other_forms_of_lectures, research_works, other_lectures, created_at) VALUES (63, "Hellenistic philosophy", 4, 4, 20, 20, 0, 0, 0, NOW());

INSERT INTO subject (year_of_study_id, name, semester, espb, number_of_lectures, number_of_practical_lectures, other_forms_of_lectures, research_works, other_lectures, created_at) VALUES (63, "History of Philosophy IIIa", 4, 5, 20, 20, 0, 0, 0, NOW());

INSERT INTO subject (year_of_study_id, name, semester, espb, number_of_lectures, number_of_practical_lectures, other_forms_of_lectures, research_works, other_lectures, created_at) VALUES (63, "English 2", 4, 7, 20, 20, 0, 0, 0, NOW());

INSERT INTO subject (year_of_study_id, name, semester, espb, number_of_lectures, number_of_practical_lectures, other_forms_of_lectures, research_works, other_lectures, created_at) VALUES (63, "German 2", 4, 5, 20, 20, 0, 0, 0, NOW());

# THIRD YEAR
# 5th semester
INSERT INTO subject (year_of_study_id, name, semester, espb, number_of_lectures, number_of_practical_lectures, other_forms_of_lectures, research_works, other_lectures, created_at) VALUES (64, "Spanish 2", 5, 4, 20, 20, 0, 0, 0, NOW());

INSERT INTO subject (year_of_study_id, name, semester, espb, number_of_lectures, number_of_practical_lectures, other_forms_of_lectures, research_works, other_lectures, created_at) VALUES (64, "General methodology I", 5, 7, 20, 20, 0, 0, 0, NOW());

INSERT INTO subject (year_of_study_id, name, semester, espb, number_of_lectures, number_of_practical_lectures, other_forms_of_lectures, research_works, other_lectures, created_at) VALUES (64, "Ethics", 5, 5, 20, 20, 0, 0, 0, NOW());

INSERT INTO subject (year_of_study_id, name, semester, espb, number_of_lectures, number_of_practical_lectures, other_forms_of_lectures, research_works, other_lectures, created_at) VALUES (64, "History of Philosophy IIIb", 5, 7, 20, 20, 0, 0, 0, NOW());

# 6th semester
INSERT INTO subject (year_of_study_id, name, semester, espb, number_of_lectures, number_of_practical_lectures, other_forms_of_lectures, research_works, other_lectures, created_at) VALUES (64, "General methodology II", 6, 4, 20, 20, 0, 0, 0, NOW());

INSERT INTO subject (year_of_study_id, name, semester, espb, number_of_lectures, number_of_practical_lectures, other_forms_of_lectures, research_works, other_lectures, created_at) VALUES (64, "Philosophy of language", 6, 5, 20, 20, 0, 0, 0, NOW());

INSERT INTO subject (year_of_study_id, name, semester, espb, number_of_lectures, number_of_practical_lectures, other_forms_of_lectures, research_works, other_lectures, created_at) VALUES (64, "Descartes' philosophy", 6, 6, 20, 20, 0, 0, 0, NOW());

INSERT INTO subject (year_of_study_id, name, semester, espb, number_of_lectures, number_of_practical_lectures, other_forms_of_lectures, research_works, other_lectures, created_at) VALUES (64, "Elective Philosophical 3", 6, 5, 20, 20, 0, 0, 0, NOW());

# FOURTH YEAR
# 7th semester

INSERT INTO subject (year_of_study_id, name, semester, espb, number_of_lectures, number_of_practical_lectures, other_forms_of_lectures, research_works, other_lectures, created_at) VALUES (65, "Theories of social change", 7, 6, 20, 20, 0, 0, 0, NOW());

INSERT INTO subject (year_of_study_id, name, semester, espb, number_of_lectures, number_of_practical_lectures, other_forms_of_lectures, research_works, other_lectures, created_at) VALUES (65, "Sociology of settlements - sociology of villages", 7, 6, 20, 20, 0, 0, 0, NOW());

INSERT INTO subject (year_of_study_id, name, semester, espb, number_of_lectures, number_of_practical_lectures, other_forms_of_lectures, research_works, other_lectures, created_at) VALUES (65, "Fundamentals of economics", 7, 5, 20, 20, 0, 0, 0, NOW());

INSERT INTO subject (year_of_study_id, name, semester, espb, number_of_lectures, number_of_practical_lectures, other_forms_of_lectures, research_works, other_lectures, created_at) VALUES (65, "Contemporary sociological theories", 7, 5, 20, 20, 0, 0, 0, NOW());

# 8th semester

INSERT INTO subject (year_of_study_id, name, semester, espb, number_of_lectures, number_of_practical_lectures, other_forms_of_lectures, research_works, other_lectures, created_at) VALUES (65, "Kant's philosophy", 8, 4, 20, 20, 0, 0, 0, NOW());

INSERT INTO subject (year_of_study_id, name, semester, espb, number_of_lectures, number_of_practical_lectures, other_forms_of_lectures, research_works, other_lectures, created_at) VALUES (65, "Modern philosophy", 8, 7, 20, 20, 0, 0, 0, NOW());

INSERT INTO subject (year_of_study_id, name, semester, espb, number_of_lectures, number_of_practical_lectures, other_forms_of_lectures, research_works, other_lectures, created_at) VALUES (65, "Early Christian and medieval philosophy", 8, 5, 20, 20, 0, 0, 0, NOW());

INSERT INTO subject (year_of_study_id, name, semester, espb, number_of_lectures, number_of_practical_lectures, other_forms_of_lectures, research_works, other_lectures, created_at) VALUES (65, "Renaissance philosophy", 8, 6, 20, 20, 0, 0, 0, NOW());

#Journalism
INSERT INTO year_of_study (id, year, ordinal_number, study_program_id, created_at) VALUES (66,'2020-11-01', 1, 23, NOW());
INSERT INTO year_of_study (id, year, ordinal_number, study_program_id, created_at) VALUES (67,'2021-11-01', 2, 23, NOW());
INSERT INTO year_of_study (id, year, ordinal_number, study_program_id, created_at) VALUES (68,'2022-11-01', 3, 23, NOW());
INSERT INTO year_of_study (id, year, ordinal_number, study_program_id, created_at) VALUES (69,'2023-11-01', 4, 23, NOW());

# Subjects/Courses

# FIRST YEAR
# 1st semester
INSERT INTO subject (year_of_study_id, name, semester, espb, number_of_lectures, number_of_practical_lectures, other_forms_of_lectures, research_works, other_lectures, created_at) VALUES (66, "Fundamentals of management", 1, 5, 20, 20, 0, 0, 0, NOW());

INSERT INTO subject (year_of_study_id, name, semester, espb, number_of_lectures, number_of_practical_lectures, other_forms_of_lectures, research_works, other_lectures, created_at) VALUES (66, "Contemporary political systems", 1, 5, 20, 20, 0, 0, 0, NOW());

INSERT INTO subject (year_of_study_id, name, semester, espb, number_of_lectures, number_of_practical_lectures, other_forms_of_lectures, research_works, other_lectures, created_at) VALUES (66, "Psychology of creativity", 1, 7, 20, 20, 0, 0, 0, NOW());

INSERT INTO subject (year_of_study_id, name, semester, espb, number_of_lectures, number_of_practical_lectures, other_forms_of_lectures, research_works, other_lectures, created_at) VALUES (66, "English language 1", 1, 5, 20, 20, 0, 0, 0, NOW());

# 2nd semester
INSERT INTO subject (year_of_study_id, name, semester, espb, number_of_lectures, number_of_practical_lectures, other_forms_of_lectures, research_works, other_lectures, created_at) VALUES (66, "History of culture and civilization", 2, 7, 20, 20, 0, 0, 0, NOW());

INSERT INTO subject (year_of_study_id, name, semester, espb, number_of_lectures, number_of_practical_lectures, other_forms_of_lectures, research_works, other_lectures, created_at) VALUES (66, "Communicology", 2, 6, 20, 20, 0, 0, 0, NOW());

INSERT INTO subject (year_of_study_id, name, semester, espb, number_of_lectures, number_of_practical_lectures, other_forms_of_lectures, research_works, other_lectures, created_at) VALUES (66, "Elective course 1", 2, 6, 20, 20, 0, 0, 0, NOW());

INSERT INTO subject (year_of_study_id, name, semester, espb, number_of_lectures, number_of_practical_lectures, other_forms_of_lectures, research_works, other_lectures, created_at) VALUES (66, "Art theory  1", 2, 4, 20, 20, 0, 0, 0, NOW());

# SECOND YEAR
# 3rd semester
INSERT INTO subject (year_of_study_id, name, semester, espb, number_of_lectures, number_of_practical_lectures, other_forms_of_lectures, research_works, other_lectures, created_at) VALUES (67, "Sociology of culture and arts", 3, 5, 20, 20, 0, 0, 0, NOW());

INSERT INTO subject (year_of_study_id, name, semester, espb, number_of_lectures, number_of_practical_lectures, other_forms_of_lectures, research_works, other_lectures, created_at) VALUES (67, "Spanish 1", 3, 6, 20, 20, 0, 0, 0, NOW());

INSERT INTO subject (year_of_study_id, name, semester, espb, number_of_lectures, number_of_practical_lectures, other_forms_of_lectures, research_works, other_lectures, created_at) VALUES (67, "Media theory", 3, 7, 20, 20, 0, 0, 0, NOW());

INSERT INTO subject (year_of_study_id, name, semester, espb, number_of_lectures, number_of_practical_lectures, other_forms_of_lectures, research_works, other_lectures, created_at) VALUES (67, "Journalism in Press", 3, 4, 20, 20, 0, 0, 0, NOW());

# 4th semester
INSERT INTO subject (year_of_study_id, name, semester, espb, number_of_lectures, number_of_practical_lectures, other_forms_of_lectures, research_works, other_lectures, created_at) VALUES (67, "Marketing in culture and media", 4, 4, 20, 20, 0, 0, 0, NOW());

INSERT INTO subject (year_of_study_id, name, semester, espb, number_of_lectures, number_of_practical_lectures, other_forms_of_lectures, research_works, other_lectures, created_at) VALUES (67, "Media analytics", 4, 5, 20, 20, 0, 0, 0, NOW());

INSERT INTO subject (year_of_study_id, name, semester, espb, number_of_lectures, number_of_practical_lectures, other_forms_of_lectures, research_works, other_lectures, created_at) VALUES (67, "English 2", 4, 7, 20, 20, 0, 0, 0, NOW());

INSERT INTO subject (year_of_study_id, name, semester, espb, number_of_lectures, number_of_practical_lectures, other_forms_of_lectures, research_works, other_lectures, created_at) VALUES (67, "Stylistic and rhetoric", 4, 5, 20, 20, 0, 0, 0, NOW());

# THIRD YEAR
# 5th semester
INSERT INTO subject (year_of_study_id, name, semester, espb, number_of_lectures, number_of_practical_lectures, other_forms_of_lectures, research_works, other_lectures, created_at) VALUES (68, "Spanish 2", 5, 4, 20, 20, 0, 0, 0, NOW());

INSERT INTO subject (year_of_study_id, name, semester, espb, number_of_lectures, number_of_practical_lectures, other_forms_of_lectures, research_works, other_lectures, created_at) VALUES (68, "General methodology I", 5, 7, 20, 20, 0, 0, 0, NOW());

INSERT INTO subject (year_of_study_id, name, semester, espb, number_of_lectures, number_of_practical_lectures, other_forms_of_lectures, research_works, other_lectures, created_at) VALUES (68, "Anthropology", 5, 5, 20, 20, 0, 0, 0, NOW());

INSERT INTO subject (year_of_study_id, name, semester, espb, number_of_lectures, number_of_practical_lectures, other_forms_of_lectures, research_works, other_lectures, created_at) VALUES (68, "History of media", 5, 7, 20, 20, 0, 0, 0, NOW());

# 6th semester
INSERT INTO subject (year_of_study_id, name, semester, espb, number_of_lectures, number_of_practical_lectures, other_forms_of_lectures, research_works, other_lectures, created_at) VALUES (68, "Intellectual property law", 6, 4, 20, 20, 0, 0, 0, NOW());

INSERT INTO subject (year_of_study_id, name, semester, espb, number_of_lectures, number_of_practical_lectures, other_forms_of_lectures, research_works, other_lectures, created_at) VALUES (68, "Theories of public opinion", 6, 5, 20, 20, 0, 0, 0, NOW());

INSERT INTO subject (year_of_study_id, name, semester, espb, number_of_lectures, number_of_practical_lectures, other_forms_of_lectures, research_works, other_lectures, created_at) VALUES (68, "Theory of genre", 6, 6, 20, 20, 0, 0, 0, NOW());

INSERT INTO subject (year_of_study_id, name, semester, espb, number_of_lectures, number_of_practical_lectures, other_forms_of_lectures, research_works, other_lectures, created_at) VALUES (68, "TV and Radio journalism", 6, 5, 20, 20, 0, 0, 0, NOW());

# FOURTH YEAR
# 7th semester

INSERT INTO subject (year_of_study_id, name, semester, espb, number_of_lectures, number_of_practical_lectures, other_forms_of_lectures, research_works, other_lectures, created_at) VALUES (69, "Business informatics", 7, 6, 20, 20, 0, 0, 0, NOW());

INSERT INTO subject (year_of_study_id, name, semester, espb, number_of_lectures, number_of_practical_lectures, other_forms_of_lectures, research_works, other_lectures, created_at) VALUES (69, "Literature and journalism", 7, 6, 20, 20, 0, 0, 0, NOW());

INSERT INTO subject (year_of_study_id, name, semester, espb, number_of_lectures, number_of_practical_lectures, other_forms_of_lectures, research_works, other_lectures, created_at) VALUES (69, "Agency journalism", 7, 5, 20, 20, 0, 0, 0, NOW());

INSERT INTO subject (year_of_study_id, name, semester, espb, number_of_lectures, number_of_practical_lectures, other_forms_of_lectures, research_works, other_lectures, created_at) VALUES (69, "Creative writing, reading and interpretation", 7, 5, 20, 20, 0, 0, 0, NOW());

# 8th semester

INSERT INTO subject (year_of_study_id, name, semester, espb, number_of_lectures, number_of_practical_lectures, other_forms_of_lectures, research_works, other_lectures, created_at) VALUES (69, "Theory of modernity", 8, 4, 20, 20, 0, 0, 0, NOW());

INSERT INTO subject (year_of_study_id, name, semester, espb, number_of_lectures, number_of_practical_lectures, other_forms_of_lectures, research_works, other_lectures, created_at) VALUES (69, "Ethics of public communication", 8, 7, 20, 20, 0, 0, 0, NOW());

INSERT INTO subject (year_of_study_id, name, semester, espb, number_of_lectures, number_of_practical_lectures, other_forms_of_lectures, research_works, other_lectures, created_at) VALUES (69, "Investigative journalism", 8, 5, 20, 20, 0, 0, 0, NOW());

INSERT INTO subject (year_of_study_id, name, semester, espb, number_of_lectures, number_of_practical_lectures, other_forms_of_lectures, research_works, other_lectures, created_at) VALUES (69, "Intercultural management", 8, 6, 20, 20, 0, 0, 0, NOW());

#History(Master)
INSERT INTO year_of_study (id, year, ordinal_number, study_program_id, created_at) VALUES (70,'2023-11-01', 4, 24, NOW());

# Subjects/Courses

# FIRST YEAR
# 1st semester
INSERT INTO subject (year_of_study_id, name, semester, espb, number_of_lectures, number_of_practical_lectures, other_forms_of_lectures, research_works, other_lectures, created_at) VALUES (70, "Research methodology in the field of ancient history", 1, 5, 20, 20, 0, 0, 0, NOW());

INSERT INTO subject (year_of_study_id, name, semester, espb, number_of_lectures, number_of_practical_lectures, other_forms_of_lectures, research_works, other_lectures, created_at) VALUES (70, "Cyprus in the Middle Ages", 1, 5, 20, 20, 0, 0, 0, NOW());

INSERT INTO subject (year_of_study_id, name, semester, espb, number_of_lectures, number_of_practical_lectures, other_forms_of_lectures, research_works, other_lectures, created_at) VALUES (70, "Early modern history", 1, 7, 20, 20, 0, 0, 0, NOW());

INSERT INTO subject (year_of_study_id, name, semester, espb, number_of_lectures, number_of_practical_lectures, other_forms_of_lectures, research_works, other_lectures, created_at) VALUES (70, "The Age of the Palaeologus", 1, 5, 20, 20, 0, 0, 0, NOW());

# 2nd semester
INSERT INTO subject (year_of_study_id, name, semester, espb, number_of_lectures, number_of_practical_lectures, other_forms_of_lectures, research_works, other_lectures, created_at) VALUES (70, "eastern question", 2, 7, 20, 20, 0, 0, 0, NOW());

INSERT INTO subject (year_of_study_id, name, semester, espb, number_of_lectures, number_of_practical_lectures, other_forms_of_lectures, research_works, other_lectures, created_at) VALUES (70, "Methodology of teaching history", 2, 6, 20, 20, 0, 0, 0, NOW());

INSERT INTO subject (year_of_study_id, name, semester, espb, number_of_lectures, number_of_practical_lectures, other_forms_of_lectures, research_works, other_lectures, created_at) VALUES (70, "Rome towards the Greeks and barbarians", 2, 6, 20, 20, 0, 0, 0, NOW());

INSERT INTO subject (year_of_study_id, name, semester, espb, number_of_lectures, number_of_practical_lectures, other_forms_of_lectures, research_works, other_lectures, created_at) VALUES (70, "Movies and history", 2, 4, 20, 20, 0, 0, 0, NOW());

#Pedagogy(Master)
INSERT INTO year_of_study (id, year, ordinal_number, study_program_id, created_at) VALUES (71,'2023-11-01', 4, 25, NOW());

# Subjects/Courses

# FIRST YEAR
# 1st semester
INSERT INTO subject (year_of_study_id, name, semester, espb, number_of_lectures, number_of_practical_lectures, other_forms_of_lectures, research_works, other_lectures, created_at) VALUES (71, "Research in pedagogy", 1, 5, 20, 20, 0, 0, 0, NOW());

INSERT INTO subject (year_of_study_id, name, semester, espb, number_of_lectures, number_of_practical_lectures, other_forms_of_lectures, research_works, other_lectures, created_at) VALUES (71, "Childhood, culture and education", 1, 5, 20, 20, 0, 0, 0, NOW());

INSERT INTO subject (year_of_study_id, name, semester, espb, number_of_lectures, number_of_practical_lectures, other_forms_of_lectures, research_works, other_lectures, created_at) VALUES (71, "Evaluation of teacher work", 1, 7, 20, 20, 0, 0, 0, NOW());

INSERT INTO subject (year_of_study_id, name, semester, espb, number_of_lectures, number_of_practical_lectures, other_forms_of_lectures, research_works, other_lectures, created_at) VALUES (71, "Corporate pedagogy", 1, 5, 20, 20, 0, 0, 0, NOW());

# 2nd semester
INSERT INTO subject (year_of_study_id, name, semester, espb, number_of_lectures, number_of_practical_lectures, other_forms_of_lectures, research_works, other_lectures, created_at) VALUES (71, "Teaching and learning", 2, 7, 20, 20, 0, 0, 0, NOW());

INSERT INTO subject (year_of_study_id, name, semester, espb, number_of_lectures, number_of_practical_lectures, other_forms_of_lectures, research_works, other_lectures, created_at) VALUES (71, "National history of pedagogy", 2, 6, 20, 20, 0, 0, 0, NOW());

INSERT INTO subject (year_of_study_id, name, semester, espb, number_of_lectures, number_of_practical_lectures, other_forms_of_lectures, research_works, other_lectures, created_at) VALUES (71, "Literacy and school curriculum", 2, 6, 20, 20, 0, 0, 0, NOW());

INSERT INTO subject (year_of_study_id, name, semester, espb, number_of_lectures, number_of_practical_lectures, other_forms_of_lectures, research_works, other_lectures, created_at) VALUES (71, "Development and rights of the child", 2, 4, 20, 20, 0, 0, 0, NOW());

#Psychology (Master)
INSERT INTO year_of_study (id, year, ordinal_number, study_program_id, created_at) VALUES (72,'2023-11-01', 4, 26, NOW());

# Subjects/Courses

# FIRST YEAR
# 1st semester
INSERT INTO subject (year_of_study_id, name, semester, espb, number_of_lectures, number_of_practical_lectures, other_forms_of_lectures, research_works, other_lectures, created_at) VALUES (72, "Psychology of marketing communication", 1, 5, 20, 20, 0, 0, 0, NOW());

INSERT INTO subject (year_of_study_id, name, semester, espb, number_of_lectures, number_of_practical_lectures, other_forms_of_lectures, research_works, other_lectures, created_at) VALUES (72, "Psychological counseling and coaching in manager development", 1, 5, 20, 20, 0, 0, 0, NOW());

INSERT INTO subject (year_of_study_id, name, semester, espb, number_of_lectures, number_of_practical_lectures, other_forms_of_lectures, research_works, other_lectures, created_at) VALUES (72, "Work ethic", 1, 7, 20, 20, 0, 0, 0, NOW());

INSERT INTO subject (year_of_study_id, name, semester, espb, number_of_lectures, number_of_practical_lectures, other_forms_of_lectures, research_works, other_lectures, created_at) VALUES (72, "Work stress", 1, 5, 20, 20, 0, 0, 0, NOW());

# 2nd semester
INSERT INTO subject (year_of_study_id, name, semester, espb, number_of_lectures, number_of_practical_lectures, other_forms_of_lectures, research_works, other_lectures, created_at) VALUES (72, "Academic skills", 2, 7, 20, 20, 0, 0, 0, NOW());

INSERT INTO subject (year_of_study_id, name, semester, espb, number_of_lectures, number_of_practical_lectures, other_forms_of_lectures, research_works, other_lectures, created_at) VALUES (72, "Art psychotherapy", 2, 6, 20, 20, 0, 0, 0, NOW());

INSERT INTO subject (year_of_study_id, name, semester, espb, number_of_lectures, number_of_practical_lectures, other_forms_of_lectures, research_works, other_lectures, created_at) VALUES (72, "Experimental psychology", 2, 6, 20, 20, 0, 0, 0, NOW());

INSERT INTO subject (year_of_study_id, name, semester, espb, number_of_lectures, number_of_practical_lectures, other_forms_of_lectures, research_works, other_lectures, created_at) VALUES (72, "Evaluation of psychological measuring instruments", 2, 4, 20, 20, 0, 0, 0, NOW());

#Sociology (Master)
INSERT INTO year_of_study (id, year, ordinal_number, study_program_id, created_at) VALUES (73,'2023-11-01', 4, 27, NOW());

# Subjects/Courses

# FIRST YEAR
# 1st semester
INSERT INTO subject (year_of_study_id, name, semester, espb, number_of_lectures, number_of_practical_lectures, other_forms_of_lectures, research_works, other_lectures, created_at) VALUES (73, "Sociological theory and method", 1, 6, 20, 20, 0, 0, 0, NOW());

INSERT INTO subject (year_of_study_id, name, semester, espb, number_of_lectures, number_of_practical_lectures, other_forms_of_lectures, research_works, other_lectures, created_at) VALUES (73, "Glocalization - branding of cities and regions", 1, 5, 20, 20, 0, 0, 0, NOW());

INSERT INTO subject (year_of_study_id, name, semester, espb, number_of_lectures, number_of_practical_lectures, other_forms_of_lectures, research_works, other_lectures, created_at) VALUES (73, "Society and politics", 1, 6, 20, 20, 0, 0, 0, NOW());

INSERT INTO subject (year_of_study_id, name, semester, espb, number_of_lectures, number_of_practical_lectures, other_forms_of_lectures, research_works, other_lectures, created_at) VALUES (73, "Economic globalization", 1, 4, 20, 20, 0, 0, 0, NOW());

# 2nd semester
INSERT INTO subject (year_of_study_id, name, semester, espb, number_of_lectures, number_of_practical_lectures, other_forms_of_lectures, research_works, other_lectures, created_at) VALUES (73, "Economic transition", 2, 5, 20, 20, 0, 0, 0, NOW());

INSERT INTO subject (year_of_study_id, name, semester, espb, number_of_lectures, number_of_practical_lectures, other_forms_of_lectures, research_works, other_lectures, created_at) VALUES (73, "Islam - religion, culture, civilization", 2, 6, 20, 20, 0, 0, 0, NOW());

INSERT INTO subject (year_of_study_id, name, semester, espb, number_of_lectures, number_of_practical_lectures, other_forms_of_lectures, research_works, other_lectures, created_at) VALUES (73, "History of anthropological theories", 2, 7, 20, 20, 0, 0, 0, NOW());

INSERT INTO subject (year_of_study_id, name, semester, espb, number_of_lectures, number_of_practical_lectures, other_forms_of_lectures, research_works, other_lectures, created_at) VALUES (73, "Qualitative research methods", 2, 6, 20, 20, 0, 0, 0, NOW());

#General Legal Studies
INSERT INTO year_of_study (id, year, ordinal_number, study_program_id, created_at) VALUES (74,'2020-11-01', 1, 28, NOW());
INSERT INTO year_of_study (id, year, ordinal_number, study_program_id, created_at) VALUES (75,'2021-11-01', 2, 28, NOW());
INSERT INTO year_of_study (id, year, ordinal_number, study_program_id, created_at) VALUES (76,'2022-11-01', 3, 28, NOW());
INSERT INTO year_of_study (id, year, ordinal_number, study_program_id, created_at) VALUES (77,'2023-11-01', 4, 28, NOW());

# Subjects/Courses

# FIRST YEAR
# 1st semester
INSERT INTO subject (year_of_study_id, name, semester, espb, number_of_lectures, number_of_practical_lectures, other_forms_of_lectures, research_works, other_lectures, created_at) VALUES (74, "Theory of State and Law 1", 1, 5, 20, 20, 0, 0, 0, NOW());

INSERT INTO subject (year_of_study_id, name, semester, espb, number_of_lectures, number_of_practical_lectures, other_forms_of_lectures, research_works, other_lectures, created_at) VALUES (74, "History of State and Law 1", 1, 5, 20, 20, 0, 0, 0, NOW());

INSERT INTO subject (year_of_study_id, name, semester, espb, number_of_lectures, number_of_practical_lectures, other_forms_of_lectures, research_works, other_lectures, created_at) VALUES (74, "Roman law", 1, 7, 20, 20, 0, 0, 0, NOW());

INSERT INTO subject (year_of_study_id, name, semester, espb, number_of_lectures, number_of_practical_lectures, other_forms_of_lectures, research_works, other_lectures, created_at) VALUES (74, "Sociology", 1, 5, 20, 20, 0, 0, 0, NOW());

# 2nd semester
INSERT INTO subject (year_of_study_id, name, semester, espb, number_of_lectures, number_of_practical_lectures, other_forms_of_lectures, research_works, other_lectures, created_at) VALUES (74, "Theory of State and Law 2", 2, 7, 20, 20, 0, 0, 0, NOW());

INSERT INTO subject (year_of_study_id, name, semester, espb, number_of_lectures, number_of_practical_lectures, other_forms_of_lectures, research_works, other_lectures, created_at) VALUES (74, "History of State and Law 2", 2, 6, 20, 20, 0, 0, 0, NOW());

INSERT INTO subject (year_of_study_id, name, semester, espb, number_of_lectures, number_of_practical_lectures, other_forms_of_lectures, research_works, other_lectures, created_at) VALUES (74, "Axes of economics", 2, 6, 20, 20, 0, 0, 0, NOW());

INSERT INTO subject (year_of_study_id, name, semester, espb, number_of_lectures, number_of_practical_lectures, other_forms_of_lectures, research_works, other_lectures, created_at) VALUES (74, "Constitutional law", 2, 4, 20, 20, 0, 0, 0, NOW());

# SECOND YEAR
# 3rd semester
INSERT INTO subject (year_of_study_id, name, semester, espb, number_of_lectures, number_of_practical_lectures, other_forms_of_lectures, research_works, other_lectures, created_at) VALUES (75, "Introduction to civil law 1", 3, 5, 20, 20, 0, 0, 0, NOW());

INSERT INTO subject (year_of_study_id, name, semester, espb, number_of_lectures, number_of_practical_lectures, other_forms_of_lectures, research_works, other_lectures, created_at) VALUES (75, "Criminal Law", 3, 6, 20, 20, 0, 0, 0, NOW());

INSERT INTO subject (year_of_study_id, name, semester, espb, number_of_lectures, number_of_practical_lectures, other_forms_of_lectures, research_works, other_lectures, created_at) VALUES (75, "Social law", 3, 7, 20, 20, 0, 0, 0, NOW());

INSERT INTO subject (year_of_study_id, name, semester, espb, number_of_lectures, number_of_practical_lectures, other_forms_of_lectures, research_works, other_lectures, created_at) VALUES (75, "International law 2", 3, 4, 20, 20, 0, 0, 0, NOW());

# 4th semester
INSERT INTO subject (year_of_study_id, name, semester, espb, number_of_lectures, number_of_practical_lectures, other_forms_of_lectures, research_works, other_lectures, created_at) VALUES (75, "Introduction to civil law 2", 4, 4, 20, 20, 0, 0, 0, NOW());

INSERT INTO subject (year_of_study_id, name, semester, espb, number_of_lectures, number_of_practical_lectures, other_forms_of_lectures, research_works, other_lectures, created_at) VALUES (75, "Obligation law", 4, 5, 20, 20, 0, 0, 0, NOW());

INSERT INTO subject (year_of_study_id, name, semester, espb, number_of_lectures, number_of_practical_lectures, other_forms_of_lectures, research_works, other_lectures, created_at) VALUES (75, "Labor law", 4, 7, 20, 20, 0, 0, 0, NOW());

INSERT INTO subject (year_of_study_id, name, semester, espb, number_of_lectures, number_of_practical_lectures, other_forms_of_lectures, research_works, other_lectures, created_at) VALUES (75, "Criminal procedural law 1", 4, 5, 20, 20, 0, 0, 0, NOW());

# THIRD YEAR
# 5th semester
INSERT INTO subject (year_of_study_id, name, semester, espb, number_of_lectures, number_of_practical_lectures, other_forms_of_lectures, research_works, other_lectures, created_at) VALUES (76, "Administrative Law", 5, 4, 20, 20, 0, 0, 0, NOW());

INSERT INTO subject (year_of_study_id, name, semester, espb, number_of_lectures, number_of_practical_lectures, other_forms_of_lectures, research_works, other_lectures, created_at) VALUES (76, "Financial law", 5, 7, 20, 20, 0, 0, 0, NOW());

INSERT INTO subject (year_of_study_id, name, semester, espb, number_of_lectures, number_of_practical_lectures, other_forms_of_lectures, research_works, other_lectures, created_at) VALUES (76, "Criminal procedural law 2", 5, 5, 20, 20, 0, 0, 0, NOW());

INSERT INTO subject (year_of_study_id, name, semester, espb, number_of_lectures, number_of_practical_lectures, other_forms_of_lectures, research_works, other_lectures, created_at) VALUES (76, "Civil procedural law", 5, 7, 20, 20, 0, 0, 0, NOW());

# 6th semester
INSERT INTO subject (year_of_study_id, name, semester, espb, number_of_lectures, number_of_practical_lectures, other_forms_of_lectures, research_works, other_lectures, created_at) VALUES (76, "Company law", 6, 4, 20, 20, 0, 0, 0, NOW());

INSERT INTO subject (year_of_study_id, name, semester, espb, number_of_lectures, number_of_practical_lectures, other_forms_of_lectures, research_works, other_lectures, created_at) VALUES (76, "International law", 6, 5, 20, 20, 0, 0, 0, NOW());

INSERT INTO subject (year_of_study_id, name, semester, espb, number_of_lectures, number_of_practical_lectures, other_forms_of_lectures, research_works, other_lectures, created_at) VALUES (76, "Private International Law", 6, 6, 20, 20, 0, 0, 0, NOW());

INSERT INTO subject (year_of_study_id, name, semester, espb, number_of_lectures, number_of_practical_lectures, other_forms_of_lectures, research_works, other_lectures, created_at) VALUES (76, "Criminology 1", 6, 5, 20, 20, 0, 0, 0, NOW());

# FOURTH YEAR
# 7th semester

INSERT INTO subject (year_of_study_id, name, semester, espb, number_of_lectures, number_of_practical_lectures, other_forms_of_lectures, research_works, other_lectures, created_at) VALUES (77, "Commercial law", 7, 6, 20, 20, 0, 0, 0, NOW());

INSERT INTO subject (year_of_study_id, name, semester, espb, number_of_lectures, number_of_practical_lectures, other_forms_of_lectures, research_works, other_lectures, created_at) VALUES (77, "Criminology 2", 7, 6, 20, 20, 0, 0, 0, NOW());

INSERT INTO subject (year_of_study_id, name, semester, espb, number_of_lectures, number_of_practical_lectures, other_forms_of_lectures, research_works, other_lectures, created_at) VALUES (77, "Private International Law", 7, 5, 20, 20, 0, 0, 0, NOW());

INSERT INTO subject (year_of_study_id, name, semester, espb, number_of_lectures, number_of_practical_lectures, other_forms_of_lectures, research_works, other_lectures, created_at) VALUES (77, "Introduction to European law destroy", 7, 5, 20, 20, 0, 0, 0, NOW());

# 8th semester

INSERT INTO subject (year_of_study_id, name, semester, espb, number_of_lectures, number_of_practical_lectures, other_forms_of_lectures, research_works, other_lectures, created_at) VALUES (77, "Family law", 8, 4, 20, 20, 0, 0, 0, NOW());

INSERT INTO subject (year_of_study_id, name, semester, espb, number_of_lectures, number_of_practical_lectures, other_forms_of_lectures, research_works, other_lectures, created_at) VALUES (77, "International public law 1", 8, 7, 20, 20, 0, 0, 0, NOW());

INSERT INTO subject (year_of_study_id, name, semester, espb, number_of_lectures, number_of_practical_lectures, other_forms_of_lectures, research_works, other_lectures, created_at) VALUES (77, "Real right", 8, 5, 20, 20, 0, 0, 0, NOW());

INSERT INTO subject (year_of_study_id, name, semester, espb, number_of_lectures, number_of_practical_lectures, other_forms_of_lectures, research_works, other_lectures, created_at) VALUES (77, "Inheritance law", 8, 6, 20, 20, 0, 0, 0, NOW());

#Criminal Justice Studies
INSERT INTO year_of_study (id, year, ordinal_number, study_program_id, created_at) VALUES (78,'2020-11-01', 1, 29, NOW());
INSERT INTO year_of_study (id, year, ordinal_number, study_program_id, created_at) VALUES (79,'2021-11-01', 2, 29, NOW());
INSERT INTO year_of_study (id, year, ordinal_number, study_program_id, created_at) VALUES (80,'2022-11-01', 3, 29, NOW());

# Subjects/Courses

# FIRST YEAR
# 1st semester
INSERT INTO subject (year_of_study_id, name, semester, espb, number_of_lectures, number_of_practical_lectures, other_forms_of_lectures, research_works, other_lectures, created_at) VALUES (78, "Introduction to chemistry", 1, 5, 20, 20, 0, 0, 0, NOW());

INSERT INTO subject (year_of_study_id, name, semester, espb, number_of_lectures, number_of_practical_lectures, other_forms_of_lectures, research_works, other_lectures, created_at) VALUES (78, "Mathematics", 1, 5, 20, 20, 0, 0, 0, NOW());

INSERT INTO subject (year_of_study_id, name, semester, espb, number_of_lectures, number_of_practical_lectures, other_forms_of_lectures, research_works, other_lectures, created_at) VALUES (78, "Physics", 1, 7, 20, 20, 0, 0, 0, NOW());

INSERT INTO subject (year_of_study_id, name, semester, espb, number_of_lectures, number_of_practical_lectures, other_forms_of_lectures, research_works, other_lectures, created_at) VALUES (78, "English", 1, 5, 20, 20, 0, 0, 0, NOW());

# 2nd semester
INSERT INTO subject (year_of_study_id, name, semester, espb, number_of_lectures, number_of_practical_lectures, other_forms_of_lectures, research_works, other_lectures, created_at) VALUES (78, "Biology 1", 2, 7, 20, 20, 0, 0, 0, NOW());

INSERT INTO subject (year_of_study_id, name, semester, espb, number_of_lectures, number_of_practical_lectures, other_forms_of_lectures, research_works, other_lectures, created_at) VALUES (78, "Basic electrical engineering", 2, 6, 20, 20, 0, 0, 0, NOW());

INSERT INTO subject (year_of_study_id, name, semester, espb, number_of_lectures, number_of_practical_lectures, other_forms_of_lectures, research_works, other_lectures, created_at) VALUES (78, "Basics of forensics", 2, 6, 20, 20, 0, 0, 0, NOW());

INSERT INTO subject (year_of_study_id, name, semester, espb, number_of_lectures, number_of_practical_lectures, other_forms_of_lectures, research_works, other_lectures, created_at) VALUES (78, "English 2", 2, 4, 20, 20, 0, 0, 0, NOW());

# SECOND YEAR
# 3rd semester
INSERT INTO subject (year_of_study_id, name, semester, espb, number_of_lectures, number_of_practical_lectures, other_forms_of_lectures, research_works, other_lectures, created_at) VALUES (79, "Biology 2", 3, 5, 20, 20, 0, 0, 0, NOW());

INSERT INTO subject (year_of_study_id, name, semester, espb, number_of_lectures, number_of_practical_lectures, other_forms_of_lectures, research_works, other_lectures, created_at) VALUES (79, "The physical chemistry", 3, 6, 20, 20, 0, 0, 0, NOW());

INSERT INTO subject (year_of_study_id, name, semester, espb, number_of_lectures, number_of_practical_lectures, other_forms_of_lectures, research_works, other_lectures, created_at) VALUES (79, "Mathematics 2", 3, 7, 20, 20, 0, 0, 0, NOW());

INSERT INTO subject (year_of_study_id, name, semester, espb, number_of_lectures, number_of_practical_lectures, other_forms_of_lectures, research_works, other_lectures, created_at) VALUES (79, "Biophysics", 3, 4, 20, 20, 0, 0, 0, NOW());

# 4th semester
INSERT INTO subject (year_of_study_id, name, semester, espb, number_of_lectures, number_of_practical_lectures, other_forms_of_lectures, research_works, other_lectures, created_at) VALUES (79, "Organic and inorganic chemistry", 4, 4, 20, 20, 0, 0, 0, NOW());

INSERT INTO subject (year_of_study_id, name, semester, espb, number_of_lectures, number_of_practical_lectures, other_forms_of_lectures, research_works, other_lectures, created_at) VALUES (79, "Probability and statistics", 4, 5, 20, 20, 0, 0, 0, NOW());

INSERT INTO subject (year_of_study_id, name, semester, espb, number_of_lectures, number_of_practical_lectures, other_forms_of_lectures, research_works, other_lectures, created_at) VALUES (79, "Engineering management", 4, 7, 20, 20, 0, 0, 0, NOW());

INSERT INTO subject (year_of_study_id, name, semester, espb, number_of_lectures, number_of_practical_lectures, other_forms_of_lectures, research_works, other_lectures, created_at) VALUES (79, "Digital forensics 1", 4, 5, 20, 20, 0, 0, 0, NOW());

# THIRD YEAR
# 5th semester
INSERT INTO subject (year_of_study_id, name, semester, espb, number_of_lectures, number_of_practical_lectures, other_forms_of_lectures, research_works, other_lectures, created_at) VALUES (80, "Digital forensics 2", 5, 4, 20, 20, 0, 0, 0, NOW());

INSERT INTO subject (year_of_study_id, name, semester, espb, number_of_lectures, number_of_practical_lectures, other_forms_of_lectures, research_works, other_lectures, created_at) VALUES (80, "Microscopy", 5, 7, 20, 20, 0, 0, 0, NOW());

INSERT INTO subject (year_of_study_id, name, semester, espb, number_of_lectures, number_of_practical_lectures, other_forms_of_lectures, research_works, other_lectures, created_at) VALUES (80, "Environmental Protection", 5, 5, 20, 20, 0, 0, 0, NOW());

INSERT INTO subject (year_of_study_id, name, semester, espb, number_of_lectures, number_of_practical_lectures, other_forms_of_lectures, research_works, other_lectures, created_at) VALUES (80, "Criminology 1", 5, 7, 20, 20, 0, 0, 0, NOW());

# 6th semester
INSERT INTO subject (year_of_study_id, name, semester, espb, number_of_lectures, number_of_practical_lectures, other_forms_of_lectures, research_works, other_lectures, created_at) VALUES (80, "Protection", 6, 4, 20, 20, 0, 0, 0, NOW());

INSERT INTO subject (year_of_study_id, name, semester, espb, number_of_lectures, number_of_practical_lectures, other_forms_of_lectures, research_works, other_lectures, created_at) VALUES (80, "Sociology", 6, 5, 20, 20, 0, 0, 0, NOW());

INSERT INTO subject (year_of_study_id, name, semester, espb, number_of_lectures, number_of_practical_lectures, other_forms_of_lectures, research_works, other_lectures, created_at) VALUES (80, "Risk theory", 6, 6, 20, 20, 0, 0, 0, NOW());

INSERT INTO subject (year_of_study_id, name, semester, espb, number_of_lectures, number_of_practical_lectures, other_forms_of_lectures, research_works, other_lectures, created_at) VALUES (80, "Criminology 2", 6, 5, 20, 20, 0, 0, 0, NOW());

#General Legal Studies(Master)
INSERT INTO year_of_study (id, year, ordinal_number, study_program_id, created_at) VALUES (81,'2020-11-01', 1, 30, NOW());

# Subjects/Courses

# FIRST YEAR
# 1st semester
INSERT INTO subject (year_of_study_id, name, semester, espb, number_of_lectures, number_of_practical_lectures, other_forms_of_lectures, research_works, other_lectures, created_at) VALUES (81, "Local government institutions", 1, 5, 20, 20, 0, 0, 0, NOW());

INSERT INTO subject (year_of_study_id, name, semester, espb, number_of_lectures, number_of_practical_lectures, other_forms_of_lectures, research_works, other_lectures, created_at) VALUES (81, "Collective labor law", 1, 5, 20, 20, 0, 0, 0, NOW());

INSERT INTO subject (year_of_study_id, name, semester, espb, number_of_lectures, number_of_practical_lectures, other_forms_of_lectures, research_works, other_lectures, created_at) VALUES (81, "Civil service law", 1, 7, 20, 20, 0, 0, 0, NOW());

INSERT INTO subject (year_of_study_id, name, semester, espb, number_of_lectures, number_of_practical_lectures, other_forms_of_lectures, research_works, other_lectures, created_at) VALUES (81, "Public Authority", 1, 5, 20, 20, 0, 0, 0, NOW());

# 2nd semester
INSERT INTO subject (year_of_study_id, name, semester, espb, number_of_lectures, number_of_practical_lectures, other_forms_of_lectures, research_works, other_lectures, created_at) VALUES (81, "Medical law", 2, 7, 20, 20, 0, 0, 0, NOW());

INSERT INTO subject (year_of_study_id, name, semester, espb, number_of_lectures, number_of_practical_lectures, other_forms_of_lectures, research_works, other_lectures, created_at) VALUES (81, "The rights of the child", 2, 6, 20, 20, 0, 0, 0, NOW());

INSERT INTO subject (year_of_study_id, name, semester, espb, number_of_lectures, number_of_practical_lectures, other_forms_of_lectures, research_works, other_lectures, created_at) VALUES (81, "Out-of-court procedural law", 2, 6, 20, 20, 0, 0, 0, NOW());

INSERT INTO subject (year_of_study_id, name, semester, espb, number_of_lectures, number_of_practical_lectures, other_forms_of_lectures, research_works, other_lectures, created_at) VALUES (81, "Real security means", 2, 4, 20, 20, 0, 0, 0, NOW());

#Criminal Justice Studies(Master)
INSERT INTO year_of_study (id, year, ordinal_number, study_program_id, created_at) VALUES (82,'2020-11-01', 1, 31, NOW());

# Subjects/Courses

# FIRST YEAR
# 1st semester
INSERT INTO subject (year_of_study_id, name, semester, espb, number_of_lectures, number_of_practical_lectures, other_forms_of_lectures, research_works, other_lectures, created_at) VALUES (82, "National security system", 1, 4, 20, 20, 0, 0, 0, NOW());

INSERT INTO subject (year_of_study_id, name, semester, espb, number_of_lectures, number_of_practical_lectures, other_forms_of_lectures, research_works, other_lectures, created_at) VALUES (82, "Monitoring of natural processes", 1, 7, 20, 20, 0, 0, 0, NOW());

INSERT INTO subject (year_of_study_id, name, semester, espb, number_of_lectures, number_of_practical_lectures, other_forms_of_lectures, research_works, other_lectures, created_at) VALUES (82, "Decision theory", 1, 6, 20, 20, 0, 0, 0, NOW());

INSERT INTO subject (year_of_study_id, name, semester, espb, number_of_lectures, number_of_practical_lectures, other_forms_of_lectures, research_works, other_lectures, created_at) VALUES (82, "Industrial safety", 1, 5, 20, 20, 0, 0, 0, NOW());

# 2nd semester
INSERT INTO subject (year_of_study_id, name, semester, espb, number_of_lectures, number_of_practical_lectures, other_forms_of_lectures, research_works, other_lectures, created_at) VALUES (82, "Forensic methodology", 2, 5, 20, 20, 0, 0, 0, NOW());

INSERT INTO subject (year_of_study_id, name, semester, espb, number_of_lectures, number_of_practical_lectures, other_forms_of_lectures, research_works, other_lectures, created_at) VALUES (82, "Energy security", 2, 7, 20, 20, 0, 0, 0, NOW());

INSERT INTO subject (year_of_study_id, name, semester, espb, number_of_lectures, number_of_practical_lectures, other_forms_of_lectures, research_works, other_lectures, created_at) VALUES (82, "Critical Infrastructure Management", 2, 5, 20, 20, 0, 0, 0, NOW());

INSERT INTO subject (year_of_study_id, name, semester, espb, number_of_lectures, number_of_practical_lectures, other_forms_of_lectures, research_works, other_lectures, created_at) VALUES (82, "Victimology", 2, 6, 20, 20, 0, 0, 0, NOW());

#National Security(Master)
INSERT INTO year_of_study (id, year, ordinal_number, study_program_id, created_at) VALUES (83,'2020-11-01', 1, 32, NOW());

# Subjects/Courses

# FIRST YEAR
# 1st semester
INSERT INTO subject (year_of_study_id, name, semester, espb, number_of_lectures, number_of_practical_lectures, other_forms_of_lectures, research_works, other_lectures, created_at) VALUES (83, "Protection of classified information", 1, 5, 20, 20, 0, 0, 0, NOW());

INSERT INTO subject (year_of_study_id, name, semester, espb, number_of_lectures, number_of_practical_lectures, other_forms_of_lectures, research_works, other_lectures, created_at) VALUES (83, "Theory of political upheavals", 1, 6, 20, 20, 0, 0, 0, NOW());

INSERT INTO subject (year_of_study_id, name, semester, espb, number_of_lectures, number_of_practical_lectures, other_forms_of_lectures, research_works, other_lectures, created_at) VALUES (83, "Economic security", 1, 5, 20, 20, 0, 0, 0, NOW());

INSERT INTO subject (year_of_study_id, name, semester, espb, number_of_lectures, number_of_practical_lectures, other_forms_of_lectures, research_works, other_lectures, created_at) VALUES (83, "Organization and competence of security services", 1, 6, 20, 20, 0, 0, 0, NOW());

# 2nd semester
INSERT INTO subject (year_of_study_id, name, semester, espb, number_of_lectures, number_of_practical_lectures, other_forms_of_lectures, research_works, other_lectures, created_at) VALUES (83, "Terrorist financing", 2, 6, 20, 20, 0, 0, 0, NOW());

INSERT INTO subject (year_of_study_id, name, semester, espb, number_of_lectures, number_of_practical_lectures, other_forms_of_lectures, research_works, other_lectures, created_at) VALUES (83, "Police organization and affairs", 2, 6, 20, 20, 0, 0, 0, NOW());

INSERT INTO subject (year_of_study_id, name, semester, espb, number_of_lectures, number_of_practical_lectures, other_forms_of_lectures, research_works, other_lectures, created_at) VALUES (83, "Human trafficking", 2, 5, 20, 20, 0, 0, 0, NOW());

INSERT INTO subject (year_of_study_id, name, semester, espb, number_of_lectures, number_of_practical_lectures, other_forms_of_lectures, research_works, other_lectures, created_at) VALUES (83, "Security and human rights", 2, 6, 20, 20, 0, 0, 0, NOW());

#Public Law(Doctoral)
INSERT INTO year_of_study (id, year, ordinal_number, study_program_id, created_at) VALUES (84,'2020-11-01', 1, 33, NOW());
INSERT INTO year_of_study (id, year, ordinal_number, study_program_id, created_at) VALUES (85,'2021-11-01', 2, 33, NOW());
INSERT INTO year_of_study (id, year, ordinal_number, study_program_id, created_at) VALUES (86,'2022-11-01', 3, 33, NOW());

# Subjects/Courses

# FIRST YEAR
# 1st semester
INSERT INTO subject (year_of_study_id, name, semester, espb, number_of_lectures, number_of_practical_lectures, other_forms_of_lectures, research_works, other_lectures, created_at) VALUES (84, "International public law", 1, 5, 20, 20, 0, 0, 0, NOW());

INSERT INTO subject (year_of_study_id, name, semester, espb, number_of_lectures, number_of_practical_lectures, other_forms_of_lectures, research_works, other_lectures, created_at) VALUES (84, "European integration law", 1, 5, 20, 20, 0, 0, 0, NOW());

INSERT INTO subject (year_of_study_id, name, semester, espb, number_of_lectures, number_of_practical_lectures, other_forms_of_lectures, research_works, other_lectures, created_at) VALUES (84, "International human rights law", 1, 7, 20, 20, 0, 0, 0, NOW());

INSERT INTO subject (year_of_study_id, name, semester, espb, number_of_lectures, number_of_practical_lectures, other_forms_of_lectures, research_works, other_lectures, created_at) VALUES (84, "International humanitarian law", 1, 5, 20, 20, 0, 0, 0, NOW());

# 2nd semester
INSERT INTO subject (year_of_study_id, name, semester, espb, number_of_lectures, number_of_practical_lectures, other_forms_of_lectures, research_works, other_lectures, created_at) VALUES (84, "Diplomatic and consular law", 2, 7, 20, 20, 0, 0, 0, NOW());

INSERT INTO subject (year_of_study_id, name, semester, espb, number_of_lectures, number_of_practical_lectures, other_forms_of_lectures, research_works, other_lectures, created_at) VALUES (84, "International justice", 2, 6, 20, 20, 0, 0, 0, NOW());

INSERT INTO subject (year_of_study_id, name, semester, espb, number_of_lectures, number_of_practical_lectures, other_forms_of_lectures, research_works, other_lectures, created_at) VALUES (84, "International law for the protection of the human environment", 2, 6, 20, 20, 0, 0, 0, NOW());

INSERT INTO subject (year_of_study_id, name, semester, espb, number_of_lectures, number_of_practical_lectures, other_forms_of_lectures, research_works, other_lectures, created_at) VALUES (84, "Business law", 2, 4, 20, 20, 0, 0, 0, NOW());

# SECOND YEAR
# 3rd semester
INSERT INTO subject (year_of_study_id, name, semester, espb, number_of_lectures, number_of_practical_lectures, other_forms_of_lectures, research_works, other_lectures, created_at) VALUES (85, "Tax law", 3, 5, 20, 20, 0, 0, 0, NOW());

INSERT INTO subject (year_of_study_id, name, semester, espb, number_of_lectures, number_of_practical_lectures, other_forms_of_lectures, research_works, other_lectures, created_at) VALUES (85, "Labor law", 3, 6, 20, 20, 0, 0, 0, NOW());

INSERT INTO subject (year_of_study_id, name, semester, espb, number_of_lectures, number_of_practical_lectures, other_forms_of_lectures, research_works, other_lectures, created_at) VALUES (85, "Social law", 3, 7, 20, 20, 0, 0, 0, NOW());

INSERT INTO subject (year_of_study_id, name, semester, espb, number_of_lectures, number_of_practical_lectures, other_forms_of_lectures, research_works, other_lectures, created_at) VALUES (85, "International law", 3, 4, 20, 20, 0, 0, 0, NOW());

# 4th semester
INSERT INTO subject (year_of_study_id, name, semester, espb, number_of_lectures, number_of_practical_lectures, other_forms_of_lectures, research_works, other_lectures, created_at) VALUES (85, "Bankruptcy law", 4, 4, 20, 20, 0, 0, 0, NOW());

INSERT INTO subject (year_of_study_id, name, semester, espb, number_of_lectures, number_of_practical_lectures, other_forms_of_lectures, research_works, other_lectures, created_at) VALUES (85, "Competition law", 4, 5, 20, 20, 0, 0, 0, NOW());

INSERT INTO subject (year_of_study_id, name, semester, espb, number_of_lectures, number_of_practical_lectures, other_forms_of_lectures, research_works, other_lectures, created_at) VALUES (85, "Stock market law", 4, 7, 20, 20, 0, 0, 0, NOW());

INSERT INTO subject (year_of_study_id, name, semester, espb, number_of_lectures, number_of_practical_lectures, other_forms_of_lectures, research_works, other_lectures, created_at) VALUES (85, "Economic law", 4, 5, 20, 20, 0, 0, 0, NOW());

# THIRD YEAR
# 5th semester
INSERT INTO subject (year_of_study_id, name, semester, espb, number_of_lectures, number_of_practical_lectures, other_forms_of_lectures, research_works, other_lectures, created_at) VALUES (86, "Administrative Law", 5, 4, 20, 20, 0, 0, 0, NOW());

INSERT INTO subject (year_of_study_id, name, semester, espb, number_of_lectures, number_of_practical_lectures, other_forms_of_lectures, research_works, other_lectures, created_at) VALUES (86, "Financial law", 5, 7, 20, 20, 0, 0, 0, NOW());

INSERT INTO subject (year_of_study_id, name, semester, espb, number_of_lectures, number_of_practical_lectures, other_forms_of_lectures, research_works, other_lectures, created_at) VALUES (86, "Company law", 5, 5, 20, 20, 0, 0, 0, NOW());

INSERT INTO subject (year_of_study_id, name, semester, espb, number_of_lectures, number_of_practical_lectures, other_forms_of_lectures, research_works, other_lectures, created_at) VALUES (86, "Resolving collective labor disputes", 5, 7, 20, 20, 0, 0, 0, NOW());

# 6th semester
INSERT INTO subject (year_of_study_id, name, semester, espb, number_of_lectures, number_of_practical_lectures, other_forms_of_lectures, research_works, other_lectures, created_at) VALUES (86, "Company law", 6, 4, 20, 20, 0, 0, 0, NOW());

INSERT INTO subject (year_of_study_id, name, semester, espb, number_of_lectures, number_of_practical_lectures, other_forms_of_lectures, research_works, other_lectures, created_at) VALUES (86, "Commercial law", 6, 5, 20, 20, 0, 0, 0, NOW());

INSERT INTO subject (year_of_study_id, name, semester, espb, number_of_lectures, number_of_practical_lectures, other_forms_of_lectures, research_works, other_lectures, created_at) VALUES (86, "Intellectual property law", 6, 6, 20, 20, 0, 0, 0, NOW());

INSERT INTO subject (year_of_study_id, name, semester, espb, number_of_lectures, number_of_practical_lectures, other_forms_of_lectures, research_works, other_lectures, created_at) VALUES (86, "Stock market law", 6, 5, 20, 20, 0, 0, 0, NOW());

#Private Law(Doctoral)
INSERT INTO year_of_study (id, year, ordinal_number, study_program_id, created_at) VALUES (87,'2020-11-01', 1, 34, NOW());
INSERT INTO year_of_study (id, year, ordinal_number, study_program_id, created_at) VALUES (88,'2021-11-01', 2, 34, NOW());
INSERT INTO year_of_study (id, year, ordinal_number, study_program_id, created_at) VALUES (89,'2022-11-01', 3, 34, NOW());

# Subjects/Courses

# FIRST YEAR
# 1st semester
INSERT INTO subject (year_of_study_id, name, semester, espb, number_of_lectures, number_of_practical_lectures, other_forms_of_lectures, research_works, other_lectures, created_at) VALUES (87, "Labor law", 1, 5, 20, 20, 0, 0, 0, NOW());

INSERT INTO subject (year_of_study_id, name, semester, espb, number_of_lectures, number_of_practical_lectures, other_forms_of_lectures, research_works, other_lectures, created_at) VALUES (87, "Social security law", 1, 5, 20, 20, 0, 0, 0, NOW());

INSERT INTO subject (year_of_study_id, name, semester, espb, number_of_lectures, number_of_practical_lectures, other_forms_of_lectures, research_works, other_lectures, created_at) VALUES (87, "International labor law", 1, 7, 20, 20, 0, 0, 0, NOW());

INSERT INTO subject (year_of_study_id, name, semester, espb, number_of_lectures, number_of_practical_lectures, other_forms_of_lectures, research_works, other_lectures, created_at) VALUES (87, "Roman law", 1, 5, 20, 20, 0, 0, 0, NOW());

# 2nd semester
INSERT INTO subject (year_of_study_id, name, semester, espb, number_of_lectures, number_of_practical_lectures, other_forms_of_lectures, research_works, other_lectures, created_at) VALUES (87, "Comparative legal tradition", 2, 7, 20, 20, 0, 0, 0, NOW());

INSERT INTO subject (year_of_study_id, name, semester, espb, number_of_lectures, number_of_practical_lectures, other_forms_of_lectures, research_works, other_lectures, created_at) VALUES (87, "Theory of state and law", 2, 6, 20, 20, 0, 0, 0, NOW());

INSERT INTO subject (year_of_study_id, name, semester, espb, number_of_lectures, number_of_practical_lectures, other_forms_of_lectures, research_works, other_lectures, created_at) VALUES (87, "International law for the protection of the human environment", 2, 6, 20, 20, 0, 0, 0, NOW());

INSERT INTO subject (year_of_study_id, name, semester, espb, number_of_lectures, number_of_practical_lectures, other_forms_of_lectures, research_works, other_lectures, created_at) VALUES (87, "Basic problems of philosophy of law", 2, 4, 20, 20, 0, 0, 0, NOW());

# SECOND YEAR
# 3rd semester
INSERT INTO subject (year_of_study_id, name, semester, espb, number_of_lectures, number_of_practical_lectures, other_forms_of_lectures, research_works, other_lectures, created_at) VALUES (88, "Tax law", 3, 5, 20, 20, 0, 0, 0, NOW());

INSERT INTO subject (year_of_study_id, name, semester, espb, number_of_lectures, number_of_practical_lectures, other_forms_of_lectures, research_works, other_lectures, created_at) VALUES (88, "Labor law", 3, 6, 20, 20, 0, 0, 0, NOW());

INSERT INTO subject (year_of_study_id, name, semester, espb, number_of_lectures, number_of_practical_lectures, other_forms_of_lectures, research_works, other_lectures, created_at) VALUES (88, "Social law", 3, 7, 20, 20, 0, 0, 0, NOW());

INSERT INTO subject (year_of_study_id, name, semester, espb, number_of_lectures, number_of_practical_lectures, other_forms_of_lectures, research_works, other_lectures, created_at) VALUES (88, "Sociology of law", 3, 4, 20, 20, 0, 0, 0, NOW());

# 4th semester
INSERT INTO subject (year_of_study_id, name, semester, espb, number_of_lectures, number_of_practical_lectures, other_forms_of_lectures, research_works, other_lectures, created_at) VALUES (88, "Philosophy of human rights", 4, 4, 20, 20, 0, 0, 0, NOW());

INSERT INTO subject (year_of_study_id, name, semester, espb, number_of_lectures, number_of_practical_lectures, other_forms_of_lectures, research_works, other_lectures, created_at) VALUES (88, "CHolism and law", 4, 5, 20, 20, 0, 0, 0, NOW());

INSERT INTO subject (year_of_study_id, name, semester, espb, number_of_lectures, number_of_practical_lectures, other_forms_of_lectures, research_works, other_lectures, created_at) VALUES (88, "Serbian philosophy of law", 4, 7, 20, 20, 0, 0, 0, NOW());

INSERT INTO subject (year_of_study_id, name, semester, espb, number_of_lectures, number_of_practical_lectures, other_forms_of_lectures, research_works, other_lectures, created_at) VALUES (88, "Contemporary political theories", 4, 5, 20, 20, 0, 0, 0, NOW());

# THIRD YEAR
# 5th semester
INSERT INTO subject (year_of_study_id, name, semester, espb, number_of_lectures, number_of_practical_lectures, other_forms_of_lectures, research_works, other_lectures, created_at) VALUES (89, "Legal culture", 5, 4, 20, 20, 0, 0, 0, NOW());

INSERT INTO subject (year_of_study_id, name, semester, espb, number_of_lectures, number_of_practical_lectures, other_forms_of_lectures, research_works, other_lectures, created_at) VALUES (89, "Social change and law", 5, 7, 20, 20, 0, 0, 0, NOW());

INSERT INTO subject (year_of_study_id, name, semester, espb, number_of_lectures, number_of_practical_lectures, other_forms_of_lectures, research_works, other_lectures, created_at) VALUES (89, "Company law", 5, 5, 20, 20, 0, 0, 0, NOW());

INSERT INTO subject (year_of_study_id, name, semester, espb, number_of_lectures, number_of_practical_lectures, other_forms_of_lectures, research_works, other_lectures, created_at) VALUES (89, "Law and morality", 5, 7, 20, 20, 0, 0, 0, NOW());

# 6th semester
INSERT INTO subject (year_of_study_id, name, semester, espb, number_of_lectures, number_of_practical_lectures, other_forms_of_lectures, research_works, other_lectures, created_at) VALUES (89, "Sociological analysis of the legal profession", 6, 4, 20, 20, 0, 0, 0, NOW());

INSERT INTO subject (year_of_study_id, name, semester, espb, number_of_lectures, number_of_practical_lectures, other_forms_of_lectures, research_works, other_lectures, created_at) VALUES (89, "Sociological method in the application of law", 6, 5, 20, 20, 0, 0, 0, NOW());

INSERT INTO subject (year_of_study_id, name, semester, espb, number_of_lectures, number_of_practical_lectures, other_forms_of_lectures, research_works, other_lectures, created_at) VALUES (89, "Legal reasoning", 6, 6, 20, 20, 0, 0, 0, NOW());

INSERT INTO subject (year_of_study_id, name, semester, espb, number_of_lectures, number_of_practical_lectures, other_forms_of_lectures, research_works, other_lectures, created_at) VALUES (89, "Legal hermeneutics", 6, 5, 20, 20, 0, 0, 0, NOW());

#Finance, Banking and Insurance
INSERT INTO year_of_study (id, year, ordinal_number, study_program_id, created_at) VALUES (90,'2020-11-01', 1, 35, NOW());
INSERT INTO year_of_study (id, year, ordinal_number, study_program_id, created_at) VALUES (91,'2021-11-01', 2, 35, NOW());
INSERT INTO year_of_study (id, year, ordinal_number, study_program_id, created_at) VALUES (92,'2022-11-01', 3, 35, NOW());
INSERT INTO year_of_study (id, year, ordinal_number, study_program_id, created_at) VALUES (93,'2023-11-01', 4, 35, NOW());

# Subjects/Courses

# FIRST YEAR
# 1st semester
INSERT INTO subject (year_of_study_id, name, semester, espb, number_of_lectures, number_of_practical_lectures, other_forms_of_lectures, research_works, other_lectures, created_at) VALUES (90, "Mathematics in economics", 1, 5, 20, 20, 0, 0, 0, NOW());

INSERT INTO subject (year_of_study_id, name, semester, espb, number_of_lectures, number_of_practical_lectures, other_forms_of_lectures, research_works, other_lectures, created_at) VALUES (90, "National economy", 1, 5, 20, 20, 0, 0, 0, NOW());

INSERT INTO subject (year_of_study_id, name, semester, espb, number_of_lectures, number_of_practical_lectures, other_forms_of_lectures, research_works, other_lectures, created_at) VALUES (90, "Foreign language 1", 1, 7, 20, 20, 0, 0, 0, NOW());

INSERT INTO subject (year_of_study_id, name, semester, espb, number_of_lectures, number_of_practical_lectures, other_forms_of_lectures, research_works, other_lectures, created_at) VALUES (90, "Basics of statistics", 1, 5, 20, 20, 0, 0, 0, NOW());

# 2nd semester
INSERT INTO subject (year_of_study_id, name, semester, espb, number_of_lectures, number_of_practical_lectures, other_forms_of_lectures, research_works, other_lectures, created_at) VALUES (90, "Basics of economy sociology", 2, 7, 20, 20, 0, 0, 0, NOW());

INSERT INTO subject (year_of_study_id, name, semester, espb, number_of_lectures, number_of_practical_lectures, other_forms_of_lectures, research_works, other_lectures, created_at) VALUES (90, "Financial accounting", 2, 6, 20, 20, 0, 0, 0, NOW());

INSERT INTO subject (year_of_study_id, name, semester, espb, number_of_lectures, number_of_practical_lectures, other_forms_of_lectures, research_works, other_lectures, created_at) VALUES (90, "Business economics information systems", 2, 6, 20, 20, 0, 0, 0, NOW());

INSERT INTO subject (year_of_study_id, name, semester, espb, number_of_lectures, number_of_practical_lectures, other_forms_of_lectures, research_works, other_lectures, created_at) VALUES (90, "Organization of the company", 2, 4, 20, 20, 0, 0, 0, NOW());

# SECOND YEAR
# 3rd semester
INSERT INTO subject (year_of_study_id, name, semester, espb, number_of_lectures, number_of_practical_lectures, other_forms_of_lectures, research_works, other_lectures, created_at) VALUES (91, "Economic doctrines", 3, 5, 20, 20, 0, 0, 0, NOW());

INSERT INTO subject (year_of_study_id, name, semester, espb, number_of_lectures, number_of_practical_lectures, other_forms_of_lectures, research_works, other_lectures, created_at) VALUES (91, "Management ", 3, 6, 20, 20, 0, 0, 0, NOW());

INSERT INTO subject (year_of_study_id, name, semester, espb, number_of_lectures, number_of_practical_lectures, other_forms_of_lectures, research_works, other_lectures, created_at) VALUES (91, "Accounting", 3, 7, 20, 20, 0, 0, 0, NOW());

INSERT INTO subject (year_of_study_id, name, semester, espb, number_of_lectures, number_of_practical_lectures, other_forms_of_lectures, research_works, other_lectures, created_at) VALUES (91, "Microeconomics", 3, 4, 20, 20, 0, 0, 0, NOW());

# 4th semester
INSERT INTO subject (year_of_study_id, name, semester, espb, number_of_lectures, number_of_practical_lectures, other_forms_of_lectures, research_works, other_lectures, created_at) VALUES (91, "International economic relations", 4, 4, 20, 20, 0, 0, 0, NOW());

INSERT INTO subject (year_of_study_id, name, semester, espb, number_of_lectures, number_of_practical_lectures, other_forms_of_lectures, research_works, other_lectures, created_at) VALUES (91, "Foreign language 2", 4, 5, 20, 20, 0, 0, 0, NOW());

INSERT INTO subject (year_of_study_id, name, semester, espb, number_of_lectures, number_of_practical_lectures, other_forms_of_lectures, research_works, other_lectures, created_at) VALUES (91, "Marketing", 4, 7, 20, 20, 0, 0, 0, NOW());

INSERT INTO subject (year_of_study_id, name, semester, espb, number_of_lectures, number_of_practical_lectures, other_forms_of_lectures, research_works, other_lectures, created_at) VALUES (91, "Operational research", 4, 5, 20, 20, 0, 0, 0, NOW());

# THIRD YEAR
# 5th semester
INSERT INTO subject (year_of_study_id, name, semester, espb, number_of_lectures, number_of_practical_lectures, other_forms_of_lectures, research_works, other_lectures, created_at) VALUES (92, "Macroeconomic analysis", 5, 4, 20, 20, 0, 0, 0, NOW());

INSERT INTO subject (year_of_study_id, name, semester, espb, number_of_lectures, number_of_practical_lectures, other_forms_of_lectures, research_works, other_lectures, created_at) VALUES (92, "Public sector economics", 5, 7, 20, 20, 0, 0, 0, NOW());

INSERT INTO subject (year_of_study_id, name, semester, espb, number_of_lectures, number_of_practical_lectures, other_forms_of_lectures, research_works, other_lectures, created_at) VALUES (92, "Monetary finance", 5, 5, 20, 20, 0, 0, 0, NOW());

INSERT INTO subject (year_of_study_id, name, semester, espb, number_of_lectures, number_of_practical_lectures, other_forms_of_lectures, research_works, other_lectures, created_at) VALUES (92, "Strategic ", 5, 7, 20, 20, 0, 0, 0, NOW());

# 6th semester
INSERT INTO subject (year_of_study_id, name, semester, espb, number_of_lectures, number_of_practical_lectures, other_forms_of_lectures, research_works, other_lectures, created_at) VALUES (92, "Management", 6, 4, 20, 20, 0, 0, 0, NOW());

INSERT INTO subject (year_of_study_id, name, semester, espb, number_of_lectures, number_of_practical_lectures, other_forms_of_lectures, research_works, other_lectures, created_at) VALUES (92, "Public finances", 6, 5, 20, 20, 0, 0, 0, NOW());

INSERT INTO subject (year_of_study_id, name, semester, espb, number_of_lectures, number_of_practical_lectures, other_forms_of_lectures, research_works, other_lectures, created_at) VALUES (92, "Economic development", 6, 6, 20, 20, 0, 0, 0, NOW());

INSERT INTO subject (year_of_study_id, name, semester, espb, number_of_lectures, number_of_practical_lectures, other_forms_of_lectures, research_works, other_lectures, created_at) VALUES (92, "Comparative economic systems", 6, 5, 20, 20, 0, 0, 0, NOW());

# FOURTH YEAR
# 7th semester

INSERT INTO subject (year_of_study_id, name, semester, espb, number_of_lectures, number_of_practical_lectures, other_forms_of_lectures, research_works, other_lectures, created_at) VALUES (93, "Tourism economics ", 7, 6, 20, 20, 0, 0, 0, NOW());

INSERT INTO subject (year_of_study_id, name, semester, espb, number_of_lectures, number_of_practical_lectures, other_forms_of_lectures, research_works, other_lectures, created_at) VALUES (93, "Insurance", 7, 6, 20, 20, 0, 0, 0, NOW());

INSERT INTO subject (year_of_study_id, name, semester, espb, number_of_lectures, number_of_practical_lectures, other_forms_of_lectures, research_works, other_lectures, created_at) VALUES (93, "Basics of international trade", 7, 5, 20, 20, 0, 0, 0, NOW());

INSERT INTO subject (year_of_study_id, name, semester, espb, number_of_lectures, number_of_practical_lectures, other_forms_of_lectures, research_works, other_lectures, created_at) VALUES (93, "EU economy", 7, 5, 20, 20, 0, 0, 0, NOW());

# 8th semester

INSERT INTO subject (year_of_study_id, name, semester, espb, number_of_lectures, number_of_practical_lectures, other_forms_of_lectures, research_works, other_lectures, created_at) VALUES (93, "Financial markets", 8, 4, 20, 20, 0, 0, 0, NOW());

INSERT INTO subject (year_of_study_id, name, semester, espb, number_of_lectures, number_of_practical_lectures, other_forms_of_lectures, research_works, other_lectures, created_at) VALUES (93, "Banking", 8, 7, 20, 20, 0, 0, 0, NOW());

INSERT INTO subject (year_of_study_id, name, semester, espb, number_of_lectures, number_of_practical_lectures, other_forms_of_lectures, research_works, other_lectures, created_at) VALUES (93, "Agricultural economics", 8, 5, 20, 20, 0, 0, 0, NOW());

INSERT INTO subject (year_of_study_id, name, semester, espb, number_of_lectures, number_of_practical_lectures, other_forms_of_lectures, research_works, other_lectures, created_at) VALUES (93, "Commercial law", 8, 6, 20, 20, 0, 0, 0, NOW());

#Management
INSERT INTO year_of_study (id, year, ordinal_number, study_program_id, created_at) VALUES (94,'2020-11-01', 1, 36, NOW());
INSERT INTO year_of_study (id, year, ordinal_number, study_program_id, created_at) VALUES (95,'2021-11-01', 2, 36, NOW());
INSERT INTO year_of_study (id, year, ordinal_number, study_program_id, created_at) VALUES (96,'2022-11-01', 3, 36, NOW());

# Subjects/Courses

# FIRST YEAR
# 1st semester
INSERT INTO subject (year_of_study_id, name, semester, espb, number_of_lectures, number_of_practical_lectures, other_forms_of_lectures, research_works, other_lectures, created_at) VALUES (94, "Basics of statistics", 1, 5, 20, 20, 0, 0, 0, NOW());

INSERT INTO subject (year_of_study_id, name, semester, espb, number_of_lectures, number_of_practical_lectures, other_forms_of_lectures, research_works, other_lectures, created_at) VALUES (94, "English", 1, 5, 20, 20, 0, 0, 0, NOW());

INSERT INTO subject (year_of_study_id, name, semester, espb, number_of_lectures, number_of_practical_lectures, other_forms_of_lectures, research_works, other_lectures, created_at) VALUES (94, "Basics of economy 1", 1, 7, 20, 20, 0, 0, 0, NOW());

INSERT INTO subject (year_of_study_id, name, semester, espb, number_of_lectures, number_of_practical_lectures, other_forms_of_lectures, research_works, other_lectures, created_at) VALUES (94, "Accounting", 1, 5, 20, 20, 0, 0, 0, NOW());

# 2nd semester
INSERT INTO subject (year_of_study_id, name, semester, espb, number_of_lectures, number_of_practical_lectures, other_forms_of_lectures, research_works, other_lectures, created_at) VALUES (94, "Basics of informatics", 2, 7, 20, 20, 0, 0, 0, NOW());

INSERT INTO subject (year_of_study_id, name, semester, espb, number_of_lectures, number_of_practical_lectures, other_forms_of_lectures, research_works, other_lectures, created_at) VALUES (94, "Basics of economy 2", 2, 6, 20, 20, 0, 0, 0, NOW());

INSERT INTO subject (year_of_study_id, name, semester, espb, number_of_lectures, number_of_practical_lectures, other_forms_of_lectures, research_works, other_lectures, created_at) VALUES (94, "Microeconomics", 2, 6, 20, 20, 0, 0, 0, NOW());

INSERT INTO subject (year_of_study_id, name, semester, espb, number_of_lectures, number_of_practical_lectures, other_forms_of_lectures, research_works, other_lectures, created_at) VALUES (94, "English language 2", 2, 4, 20, 20, 0, 0, 0, NOW());

# SECOND YEAR
# 3rd semester
INSERT INTO subject (year_of_study_id, name, semester, espb, number_of_lectures, number_of_practical_lectures, other_forms_of_lectures, research_works, other_lectures, created_at) VALUES (95, "International economics", 3, 5, 20, 20, 0, 0, 0, NOW());

INSERT INTO subject (year_of_study_id, name, semester, espb, number_of_lectures, number_of_practical_lectures, other_forms_of_lectures, research_works, other_lectures, created_at) VALUES (95, "Economic system 1", 3, 6, 20, 20, 0, 0, 0, NOW());

INSERT INTO subject (year_of_study_id, name, semester, espb, number_of_lectures, number_of_practical_lectures, other_forms_of_lectures, research_works, other_lectures, created_at) VALUES (95, "English language 3", 3, 7, 20, 20, 0, 0, 0, NOW());

INSERT INTO subject (year_of_study_id, name, semester, espb, number_of_lectures, number_of_practical_lectures, other_forms_of_lectures, research_works, other_lectures, created_at) VALUES (95, "Balance sheet theory and policy", 3, 4, 20, 20, 0, 0, 0, NOW());

# 4th semester
INSERT INTO subject (year_of_study_id, name, semester, espb, number_of_lectures, number_of_practical_lectures, other_forms_of_lectures, research_works, other_lectures, created_at) VALUES (95, "Environmental management", 4, 4, 20, 20, 0, 0, 0, NOW());

INSERT INTO subject (year_of_study_id, name, semester, espb, number_of_lectures, number_of_practical_lectures, other_forms_of_lectures, research_works, other_lectures, created_at) VALUES (95, "Marketing 1", 4, 5, 20, 20, 0, 0, 0, NOW());

INSERT INTO subject (year_of_study_id, name, semester, espb, number_of_lectures, number_of_practical_lectures, other_forms_of_lectures, research_works, other_lectures, created_at) VALUES (95, "Corporate management", 4, 7, 20, 20, 0, 0, 0, NOW());

INSERT INTO subject (year_of_study_id, name, semester, espb, number_of_lectures, number_of_practical_lectures, other_forms_of_lectures, research_works, other_lectures, created_at) VALUES (95, "Financial management 1", 4, 5, 20, 20, 0, 0, 0, NOW());

# THIRD YEAR
# 5th semester
INSERT INTO subject (year_of_study_id, name, semester, espb, number_of_lectures, number_of_practical_lectures, other_forms_of_lectures, research_works, other_lectures, created_at) VALUES (96, "Business economics", 5, 4, 20, 20, 0, 0, 0, NOW());

INSERT INTO subject (year_of_study_id, name, semester, espb, number_of_lectures, number_of_practical_lectures, other_forms_of_lectures, research_works, other_lectures, created_at) VALUES (96, "Business law", 5, 7, 20, 20, 0, 0, 0, NOW());

INSERT INTO subject (year_of_study_id, name, semester, espb, number_of_lectures, number_of_practical_lectures, other_forms_of_lectures, research_works, other_lectures, created_at) VALUES (96, "Marketing 2", 5, 5, 20, 20, 0, 0, 0, NOW());

INSERT INTO subject (year_of_study_id, name, semester, espb, number_of_lectures, number_of_practical_lectures, other_forms_of_lectures, research_works, other_lectures, created_at) VALUES (96, "Strategic ", 5, 7, 20, 20, 0, 0, 0, NOW());

# 6th semester
INSERT INTO subject (year_of_study_id, name, semester, espb, number_of_lectures, number_of_practical_lectures, other_forms_of_lectures, research_works, other_lectures, created_at) VALUES (96, "Management", 6, 4, 20, 20, 0, 0, 0, NOW());

INSERT INTO subject (year_of_study_id, name, semester, espb, number_of_lectures, number_of_practical_lectures, other_forms_of_lectures, research_works, other_lectures, created_at) VALUES (96, "Public finances", 6, 5, 20, 20, 0, 0, 0, NOW());

INSERT INTO subject (year_of_study_id, name, semester, espb, number_of_lectures, number_of_practical_lectures, other_forms_of_lectures, research_works, other_lectures, created_at) VALUES (96, "Financial management 1", 6, 6, 20, 20, 0, 0, 0, NOW());

INSERT INTO subject (year_of_study_id, name, semester, espb, number_of_lectures, number_of_practical_lectures, other_forms_of_lectures, research_works, other_lectures, created_at) VALUES (96, "Economic system 2", 6, 5, 20, 20, 0, 0, 0, NOW());

#Accounting and Auditing
INSERT INTO year_of_study (id, year, ordinal_number, study_program_id, created_at) VALUES (97,'2020-11-01', 1, 37, NOW());
INSERT INTO year_of_study (id, year, ordinal_number, study_program_id, created_at) VALUES (98,'2021-11-01', 2, 37, NOW());
INSERT INTO year_of_study (id, year, ordinal_number, study_program_id, created_at) VALUES (99,'2022-11-01', 3, 37, NOW());
INSERT INTO year_of_study (id, year, ordinal_number, study_program_id, created_at) VALUES (100,'2023-11-01', 4, 37, NOW());

# Subjects/Courses

# FIRST YEAR
# 1st semester
INSERT INTO subject (year_of_study_id, name, semester, espb, number_of_lectures, number_of_practical_lectures, other_forms_of_lectures, research_works, other_lectures, created_at) VALUES (97, "Fundamentals of economics", 1, 5, 20, 20, 0, 0, 0, NOW());

INSERT INTO subject (year_of_study_id, name, semester, espb, number_of_lectures, number_of_practical_lectures, other_forms_of_lectures, research_works, other_lectures, created_at) VALUES (97, "Accounting", 1, 5, 20, 20, 0, 0, 0, NOW());

INSERT INTO subject (year_of_study_id, name, semester, espb, number_of_lectures, number_of_practical_lectures, other_forms_of_lectures, research_works, other_lectures, created_at) VALUES (97, "Basics of informatics", 1, 7, 20, 20, 0, 0, 0, NOW());

INSERT INTO subject (year_of_study_id, name, semester, espb, number_of_lectures, number_of_practical_lectures, other_forms_of_lectures, research_works, other_lectures, created_at) VALUES (97, "English language 1", 1, 5, 20, 20, 0, 0, 0, NOW());

# 2nd semester
INSERT INTO subject (year_of_study_id, name, semester, espb, number_of_lectures, number_of_practical_lectures, other_forms_of_lectures, research_works, other_lectures, created_at) VALUES (97, "Basics of statistics", 2, 7, 20, 20, 0, 0, 0, NOW());

INSERT INTO subject (year_of_study_id, name, semester, espb, number_of_lectures, number_of_practical_lectures, other_forms_of_lectures, research_works, other_lectures, created_at) VALUES (97, "Introduction to management", 2, 6, 20, 20, 0, 0, 0, NOW());

INSERT INTO subject (year_of_study_id, name, semester, espb, number_of_lectures, number_of_practical_lectures, other_forms_of_lectures, research_works, other_lectures, created_at) VALUES (97, "Business economics", 2, 6, 20, 20, 0, 0, 0, NOW());

INSERT INTO subject (year_of_study_id, name, semester, espb, number_of_lectures, number_of_practical_lectures, other_forms_of_lectures, research_works, other_lectures, created_at) VALUES (97, "English language 2", 2, 4, 20, 20, 0, 0, 0, NOW());

# SECOND YEAR
# 3rd semester
INSERT INTO subject (year_of_study_id, name, semester, espb, number_of_lectures, number_of_practical_lectures, other_forms_of_lectures, research_works, other_lectures, created_at) VALUES (98, "Microeconomics", 3, 5, 20, 20, 0, 0, 0, NOW());

INSERT INTO subject (year_of_study_id, name, semester, espb, number_of_lectures, number_of_practical_lectures, other_forms_of_lectures, research_works, other_lectures, created_at) VALUES (98, "International economics ", 3, 6, 20, 20, 0, 0, 0, NOW());

INSERT INTO subject (year_of_study_id, name, semester, espb, number_of_lectures, number_of_practical_lectures, other_forms_of_lectures, research_works, other_lectures, created_at) VALUES (98, "Economic system", 3, 7, 20, 20, 0, 0, 0, NOW());

INSERT INTO subject (year_of_study_id, name, semester, espb, number_of_lectures, number_of_practical_lectures, other_forms_of_lectures, research_works, other_lectures, created_at) VALUES (98, "English language 3", 3, 4, 20, 20, 0, 0, 0, NOW());

# 4th semester
INSERT INTO subject (year_of_study_id, name, semester, espb, number_of_lectures, number_of_practical_lectures, other_forms_of_lectures, research_works, other_lectures, created_at) VALUES (98, "Economic statistics", 4, 4, 20, 20, 0, 0, 0, NOW());

INSERT INTO subject (year_of_study_id, name, semester, espb, number_of_lectures, number_of_practical_lectures, other_forms_of_lectures, research_works, other_lectures, created_at) VALUES (98, "Financial management", 4, 5, 20, 20, 0, 0, 0, NOW());

INSERT INTO subject (year_of_study_id, name, semester, espb, number_of_lectures, number_of_practical_lectures, other_forms_of_lectures, research_works, other_lectures, created_at) VALUES (98, "Business law", 4, 7, 20, 20, 0, 0, 0, NOW());

INSERT INTO subject (year_of_study_id, name, semester, espb, number_of_lectures, number_of_practical_lectures, other_forms_of_lectures, research_works, other_lectures, created_at) VALUES (98, "English language 4", 4, 5, 20, 20, 0, 0, 0, NOW());

# THIRD YEAR
# 5th semester
INSERT INTO subject (year_of_study_id, name, semester, espb, number_of_lectures, number_of_practical_lectures, other_forms_of_lectures, research_works, other_lectures, created_at) VALUES (99, "Electronic business", 5, 4, 20, 20, 0, 0, 0, NOW());

INSERT INTO subject (year_of_study_id, name, semester, espb, number_of_lectures, number_of_practical_lectures, other_forms_of_lectures, research_works, other_lectures, created_at) VALUES (99, "Agricultural economics", 5, 7, 20, 20, 0, 0, 0, NOW());

INSERT INTO subject (year_of_study_id, name, semester, espb, number_of_lectures, number_of_practical_lectures, other_forms_of_lectures, research_works, other_lectures, created_at) VALUES (99, "Security management", 5, 5, 20, 20, 0, 0, 0, NOW());

INSERT INTO subject (year_of_study_id, name, semester, espb, number_of_lectures, number_of_practical_lectures, other_forms_of_lectures, research_works, other_lectures, created_at) VALUES (99, "Labor economics ", 5, 7, 20, 20, 0, 0, 0, NOW());

# 6th semester
INSERT INTO subject (year_of_study_id, name, semester, espb, number_of_lectures, number_of_practical_lectures, other_forms_of_lectures, research_works, other_lectures, created_at) VALUES (99, "Public finances", 6, 4, 20, 20, 0, 0, 0, NOW());

INSERT INTO subject (year_of_study_id, name, semester, espb, number_of_lectures, number_of_practical_lectures, other_forms_of_lectures, research_works, other_lectures, created_at) VALUES (99, "Monetary economy", 6, 5, 20, 20, 0, 0, 0, NOW());

INSERT INTO subject (year_of_study_id, name, semester, espb, number_of_lectures, number_of_practical_lectures, other_forms_of_lectures, research_works, other_lectures, created_at) VALUES (99, "Public sector governance", 6, 6, 20, 20, 0, 0, 0, NOW());

INSERT INTO subject (year_of_study_id, name, semester, espb, number_of_lectures, number_of_practical_lectures, other_forms_of_lectures, research_works, other_lectures, created_at) VALUES (99, "Strategic ", 6, 5, 20, 20, 0, 0, 0, NOW());

# FOURTH YEAR
# 7th semester

INSERT INTO subject (year_of_study_id, name, semester, espb, number_of_lectures, number_of_practical_lectures, other_forms_of_lectures, research_works, other_lectures, created_at) VALUES (100, "Tourism economics ", 7, 6, 20, 20, 0, 0, 0, NOW());

INSERT INTO subject (year_of_study_id, name, semester, espb, number_of_lectures, number_of_practical_lectures, other_forms_of_lectures, research_works, other_lectures, created_at) VALUES (100, "Balance sheet theory and policy", 7, 6, 20, 20, 0, 0, 0, NOW());

INSERT INTO subject (year_of_study_id, name, semester, espb, number_of_lectures, number_of_practical_lectures, other_forms_of_lectures, research_works, other_lectures, created_at) VALUES (100, "Banking business", 7, 5, 20, 20, 0, 0, 0, NOW());

INSERT INTO subject (year_of_study_id, name, semester, espb, number_of_lectures, number_of_practical_lectures, other_forms_of_lectures, research_works, other_lectures, created_at) VALUES (100, "Environmental management", 7, 5, 20, 20, 0, 0, 0, NOW());

# 8th semester

INSERT INTO subject (year_of_study_id, name, semester, espb, number_of_lectures, number_of_practical_lectures, other_forms_of_lectures, research_works, other_lectures, created_at) VALUES (100, "Corporate governance", 8, 4, 20, 20, 0, 0, 0, NOW());

INSERT INTO subject (year_of_study_id, name, semester, espb, number_of_lectures, number_of_practical_lectures, other_forms_of_lectures, research_works, other_lectures, created_at) VALUES (100, "Marketing", 8, 7, 20, 20, 0, 0, 0, NOW());

INSERT INTO subject (year_of_study_id, name, semester, espb, number_of_lectures, number_of_practical_lectures, other_forms_of_lectures, research_works, other_lectures, created_at) VALUES (100, "Basics of audit", 8, 5, 20, 20, 0, 0, 0, NOW());

INSERT INTO subject (year_of_study_id, name, semester, espb, number_of_lectures, number_of_practical_lectures, other_forms_of_lectures, research_works, other_lectures, created_at) VALUES (100, "Business analysis", 8, 6, 20, 20, 0, 0, 0, NOW());

